College Name,Course Fees,Courses,Placement,Review,Number of Reviews,Ranking,City,State
"IIT Madras - Indian Institute of Technology - [IITM], chennai",19850,ME/M.Tech,2148000,8.6,278,#3rd/131 in India  2023, chennai, Tamil Nadu 
"IIT Delhi - Indian Institute of Technology [IITD], New Delhi",55300,ME/M.Tech,20000000,8.7,455,#1st/35 in India  2023, New Delhi, Delhi NCR 
"IIT Bombay - Indian Institute of Technology - [IITB], Mumbai",59300,ME/M.Tech,2182000,8.8,289,#2nd/35 in India  2023, Mumbai, Maharashtra 
"IIT Kharagpur - Indian Institute of Technology - [IITKGP], Kharagpur",27650,ME/M.Tech,26000000,8.7,430,#4th/35 in India  2023, Kharagpur, West Bengal   
"IIT Kanpur - Indian Institute of Technology - [IITK], Kanpur",28700,ME/M.Tech,19000000,8.8,305,#3rd/35 in India  2023, Kanpur, Uttar Pradesh  
"IIT Roorkee - Indian Institute of Technology - [IITR], Roorkee",40100,ME/M.Tech,13000000,8.7,367,#5th/35 in India  2023, Roorkee, Uttarakhand   
"BITS Pilani (Pilani Campus), Pilani",571575,ME/M.Tech,3037000,8.8,528,#1st/246 in India  2023, Pilani, Rajasthan  
"IIT Guwahati - Indian Institute of Technology - [IITG], Guwahati",67350,ME/M.Tech,24000000,8.6,285,#6th/35 in India  2023, Guwahati, Assam   
"IIT Hyderabad - Indian Institute of Technology - [IITH], Hyderabad",53550,ME/M.Tech,2007000,8.5,117,#8th/200 in India  2023, Hyderabad, Telanga  
"College of Engineering, An University - [CEG], chennai",56260,ME/M.Tech,2007000,8.4,99,#12th/131 in India  2023, chennai, Tamil Nadu  
"NIT Trichy, Tiruchirappalli",125450,ME/M.Tech,4000000,8.4,212,#9th/30 in India  2021, Tiruchirappalli, Tamil Nadu    
"IIT BHU - Indian Institute of Technology, Varasi",46315,ME/M.Tech,12000000,8.5,405,#9th/131 in India  2023, Varasi, Uttar Pradesh  
"Institute of Chemical Technology - [ICT], Mumbai",85250,ME/M.Tech,500000,8.6,48,#24th/200 in India  2023, Mumbai, Maharashtra    
"IIT Indore - Indian Institute of Technology - [IITI], Indore",78000,ME/M.Tech,2545000,8.5,103,#14th/200 in India  2023, Indore, Madhya Pradesh  
"Jadavpur University - [JU], Kolkata",24000,ME/M.Tech,3500000,8.5,683,#15th/131 in India  2023, Kolkata, West Bengal      
"ISM Dhanbad - Indian Institute of Technology - [IITISM], Dhanbad",70250,ME/M.Tech,2729000,8.5,445,#14th/131 in India  2023, Dhanbad, Jharkhand   
"tiol Institute of Technology - [NIT], Rourkela",111500,ME/M.Tech,2088000,8.3,381,#21th/30 in India  2021, Rourkela, Orissa   
"IIT Bhubaneswar - Indian Institute of Technology - [IITBBS], Bhubaneswar",43290,ME/M.Tech,1750000,8.3,76,#11th/32 in India  2022, Bhubaneswar, Orissa  
"Vellore Institute of Technology - [VIT University], Vellore",153000,ME/M.Tech,819000,8.3,2112,#4th/218 in India  2021, Vellore, Tamil Nadu   
"Indian Institute of Engineering Science and Technology - [IIEST] Shibpur, Howrah",81500,ME/M.Tech,4500000,8.1,279,#19th/191 in India  2020, Howrah, West Bengal  
"IIT Mandi- Indian Institute of Technology - [IITM], Mandi",54750,ME/M.Tech,2523000,8.3,90,#12th/35 in India  2023, Mandi, Himachal Pradesh  
"tiol Institute of Technology - [NITK], Surathkal",111014,ME/M.Tech,1312000,8.5,279,#15th/30 in India  2020, Surathkal, Kartaka  
"IIT Pat - Indian Institute of Technology - [IITP], Pat",110250,ME/M.Tech,2930000,8.4,122,#11th/35 in India  2023, Pat, Bihar  
"Thapar Institute of Engineering and Technology - [Thapar University], Patiala",202000,ME/M.Tech,1097000,7.7,586,#6th/238 in India  2022, Patiala, Punjab  
"IIT Gandhigar - Indian Institute of Technology - [IITG], Gandhigar",200000,ME/M.Tech,1535000,8.6,37,#9th/35 in India  2023, Gandhigar, Gujarat   
"NIT Warangal, Warangal",134000,ME/M.Tech,1729000,8.4,401,#40th/254 in India  2020, Warangal, Telanga 
"Delhi Technological University - [DTU], New Delhi",169200,ME/M.Tech,2370000,8.1,1070,#8th/35 in India  2023, New Delhi, Delhi NCR  
"Jamia Millia Islamia University-[JMI], New Delhi",18350,ME/M.Tech,900000,8.2,364,#26th/191 in India  2020, New Delhi, Delhi NCR   
"tiol Institute of Technology - [NITC], Calicut",109755,ME/M.Tech,2300000,8.1,257,#20th/131 in India  2023, Calicut, Kerala   
"IIT Ropar - Indian Institute of Technology - [IITR], Ropar",41970,ME/M.Tech,2249000,8.7,75,#10th/30 in India  2020, Ropar, Punjab   
"IIT Madras - Indian Institute of Technology - [IITM], chennai",209550,BE/B.Tech,2148000,8.6,278,#3rd/131 in India  2023, chennai, Tamil Nadu  
"IIT Delhi - Indian Institute of Technology [IITD], New Delhi",254650,BE/B.Tech,20000000,8.7,455,#1st/35 in India  2023, New Delhi, Delhi NCR 
"IIT Bombay - Indian Institute of Technology - [IITB], Mumbai",229300,BE/B.Tech,2182000,8.8,289,#2nd/35 in India  2023, Mumbai, Maharashtra   
"IIT Kharagpur - Indian Institute of Technology - [IITKGP], Kharagpur",223600,BE/B.Tech,26000000,8.7,430,#4th/35 in India  2023, Kharagpur, West Bengal   
"IIT Kanpur - Indian Institute of Technology - [IITK], Kanpur",229200,BE/B.Tech,19000000,8.8,305,#3rd/35 in India  2023, Kanpur, Uttar Pradesh  
"IIT Roorkee - Indian Institute of Technology - [IITR], Roorkee",230100,BE/B.Tech,13000000,8.7,367,#5th/35 in India  2023, Roorkee, Uttarakhand   
"BITS Pilani (Pilani Campus), Pilani",571575,BE/B.Tech,3037000,8.8,528,#1st/246 in India  2023, Pilani, Rajasthan  
"IIT Guwahati - Indian Institute of Technology - [IITG], Guwahati",219250,BE/B.Tech,24000000,8.6,285,#6th/35 in India  2023, Guwahati, Assam   
"IIT Hyderabad - Indian Institute of Technology - [IITH], Hyderabad",241550,BE/B.Tech,2007000,8.5,117,#8th/200 in India  2023, Hyderabad, Telanga  
"College of Engineering, An University - [CEG], chennai",47200,BE/B.Tech,2007000,8.4,99,#12th/131 in India  2023, chennai, Tamil Nadu  
"NIT Trichy, Tiruchirappalli",174950,BE/B.Tech,4000000,8.4,212,#9th/30 in India  2021, Tiruchirappalli, Tamil Nadu    
"IIT BHU - Indian Institute of Technology, Varasi",228315,BE/B.Tech,12000000,8.5,405,#9th/131 in India  2023, Varasi, Uttar Pradesh  
"Institute of Chemical Technology - [ICT], Mumbai",89100,BE/B.Tech,500000,8.6,48,#24th/200 in India  2023, Mumbai, Maharashtra    
"IIT Indore - Indian Institute of Technology - [IITI], Indore",233900,BE/B.Tech,2545000,8.5,103,#14th/200 in India  2023, Indore, Madhya Pradesh  
"Jadavpur University - [JU], Kolkata",10000,BE/B.Tech,3500000,8.5,683,#15th/131 in India  2023, Kolkata, West Bengal      
"ISM Dhanbad - Indian Institute of Technology - [IITISM], Dhanbad",240250,BE/B.Tech,2729000,8.5,445,#14th/131 in India  2023, Dhanbad, Jharkhand   
"tiol Institute of Technology - [NIT], Rourkela",178000,BE/B.Tech,2088000,8.3,381,#21th/30 in India  2021, Rourkela, Orissa   
"IIT Bhubaneswar - Indian Institute of Technology - [IITBBS], Bhubaneswar",221290,BE/B.Tech,1750000,8.3,76,#11th/32 in India  2022, Bhubaneswar, Orissa  
"Vellore Institute of Technology - [VIT University], Vellore",198000,BE/B.Tech,819000,8.3,2112,#4th/218 in India  2021, Vellore, Tamil Nadu   
"Indian Institute of Engineering Science and Technology - [IIEST] Shibpur, Howrah",142000,BE/B.Tech,4500000,8.1,279,#19th/191 in India  2020, Howrah, West Bengal  
"IIT Mandi- Indian Institute of Technology - [IITM], Mandi",234750,BE/B.Tech,2523000,8.3,90,#12th/35 in India  2023, Mandi, Himachal Pradesh  
"tiol Institute of Technology - [NITK], Surathkal",157280,BE/B.Tech,1312000,8.5,279,#15th/30 in India  2020, Surathkal, Kartaka  
"IIT Pat - Indian Institute of Technology - [IITP], Pat",270250,BE/B.Tech,2930000,8.4,122,#11th/35 in India  2023, Pat, Bihar  
"Thapar Institute of Engineering and Technology - [Thapar University], Patiala",413600,BE/B.Tech,1097000,7.7,586,#6th/238 in India  2022, Patiala, Punjab  
"IIT Gandhigar - Indian Institute of Technology - [IITG], Gandhigar",229426,BE/B.Tech,1535000,8.6,37,#9th/35 in India  2023, Gandhigar, Gujarat   
"NIT Warangal, Warangal",207000,BE/B.Tech,1729000,8.4,401,#40th/254 in India  2020, Warangal, Telanga 
"Delhi Technological University - [DTU], New Delhi",229300,BE/B.Tech,2370000,8.1,1070,#8th/35 in India  2023, New Delhi, Delhi NCR  
"Jamia Millia Islamia University-[JMI], New Delhi",16150,BE/B.Tech,900000,8.2,364,#26th/191 in India  2020, New Delhi, Delhi NCR   
"tiol Institute of Technology - [NITC], Calicut",308255,BE/B.Tech,2300000,8.1,257,#20th/131 in India  2023, Calicut, Kerala   
"IIT Ropar - Indian Institute of Technology - [IITR], Ropar",222300,BE/B.Tech,2249000,8.7,75,#10th/30 in India  2020, Ropar, Punjab   
"IIM A - Indian Institute of Magement, Ahmedabad",2500000,MBA/PGDM,3436000,9.1,51,#2nd/272 in India  2023, Ahmedabad, Gujarat  
"IIM Bangalore - Indian Institute of Magement, Bangalore",2450000,MBA/PGDM,3380000,9.2,74,#3rd/272 in India  2023, Bangalore, Kartaka   
"Indian Institute of Magement - [IIMC], Kolkata",2700000,MBA/PGDM,3507000,8.8,83,#1st/272 in India  2023, Kolkata, West Bengal  
"XLRI, Jamshedpur",1430000,MBA/PGDM,3270000,8.9,68,#2nd/214 in India  2023, Jamshedpur, Jharkhand    
"FMS Delhi Faculty of Magement Studies, New Delhi",100000,MBA/PGDM,3410000,7.8,117,#8th/272 in India  2023, New Delhi, Delhi NCR  
"SP Jain [SPJIMR], Mumbai",2400000,MBA/PGDM,3302000,8.4,43,#5th/272 in India  2023, Mumbai, Maharashtra    
"Indian Institute of Magement IIML, Lucknow",1095000,MBA/PGDM,3223000,8.5,78,#4th/272 in India  2023, Lucknow, Uttar Pradesh   
"IIM Indore - Indian Institute of Magement, Indore",904711,MBA/PGDM,3021000,8.7,73,#6th/272 in India  2023, Indore, Madhya Pradesh  
"Indian Institute of Magement - [IIMK], Kozhikode",2050000,MBA/PGDM,3102000,8.6,36,#3rd/214 in India  2023, Kozhikode, Kerala  
"JBIMS, Mumbai",350000,MBA/PGDM,2763000,8.1,27,#22th/272 in India  2023, Mumbai, Maharashtra  
"IIFT Delhi Indian Institute of Foreign Trade, New Delhi",3377314,MBA/PGDM,2910000,9.0,122,#9th/272 in India  2023, New Delhi, Delhi NCR 
"IIM Shillong Indian Institute of Magement, Shillong",1460000,MBA/PGDM,2696000,8.1,32,#12th/272 in India  2023, Shillong, Meghalaya  
"IIM Mumbai - Indian Institute of Magement, Mumbai",2100000,MBA/PGDM,2775000,8.6,68,#12th/292 in India  2020, Mumbai, Maharashtra  
"TISS Tata Institute of Social Sciences, Mumbai",100000,MBA/PGDM,2722000,8.5,69,#19th/50 in India  2019, Mumbai, Maharashtra  
"Shailesh J. Mehta School of Magement, IIT Bombay - [SJMSOM], Mumbai",491100,MBA/PGDM,2888000,8.8,27,#13th/179 in India  2020, Mumbai, Maharashtra  
"DMS IIT Delhi, New Delhi",1040000,MBA/PGDM,2582000,8.7,40,#16th/272 in India  2023, New Delhi, Delhi NCR   
"Symbiosis Institute of Business Magement - [SIBM], Pune",1349000,MBA/PGDM,2677777,8.5,51,#14th/272 in India  2023, Pune, Maharashtra  
"ISB Hyderabad Indian School of Business, Hyderabad",3629620,MBA/PGDM,3421000,9.1,38,#19th/608 in India  2023, Hyderabad, Telanga 
"School of Business Magement, NMIMS University  - [SBM NMIMS], Mumbai",1195000,MBA/PGDM,1845000,8.2,22,#4th/268 in India  2021, Mumbai, Maharashtra  
"Indian Institute of Magement - [IIMU], Udaipur",1132000,MBA/PGDM,2030000,8.6,52,#18th/272 in India  2023, Udaipur, Rajasthan 
"IIM Raipur Indian Institute of Magement, Raipur",817500,MBA/PGDM,2104000,8.0,62,#25th/292 in India  2020, Raipur, Chhattisgarh 
"Indian Institute of Magement - [IIMT], Tiruchirappalli",1950000,MBA/PGDM,2055000,8.4,62,#19th/272 in India  2023, Tiruchirappalli, Tamil Nadu  
"Symbiosis Centre for Magement and Human Resource Development - [SC], Pune",1105000,MBA/PGDM,3399000,7.9,124,#15th/272 in India  2023, Pune, Maharashtra 
"IIM Ranchi - Indian Institute of Magement, Ranchi",1720000,MBA/PGDM,1730000,9.0,279,#24th/125 in India  2023, Ranchi, Jharkhand  
"Vinod Gupta School of Magement - [VGSoM], Kharagpur",644768,MBA/PGDM,2213000,8.7,22,#24th/281 in India  2022, Kharagpur, West Bengal  
"IIT Madras - Indian Institute of Technology - [IITM], chennai",613450,MBA/PGDM,2148000,8.6,278,#10th/125 in India  2022, chennai, Tamil Nadu  
"IIM Rohtak Indian Institute of Magement, Rohtak",895000,MBA/PGDM,1873000,8.2,158,#21th/150 in India  2019, Rohtak, Harya 
"Indian Institute of Magement - [IIM], Kashipur",918000,MBA/PGDM,1811000,8.2,92,#28th/272 in India  2023, Kashipur, Uttarakhand 
"IMT Ghaziabad - Institute of Magement Technology, Ghaziabad",1953000,MBA/PGDM,1735000,8.6,247,#13th/272 in India  2023, Ghaziabad, Uttar Pradesh  
"IIT Madras - Indian Institute of Technology - [IITM], chennai",19850,ME/M.Tech,2148000,8.6,278,#3rd/131 in India  2023, chennai, Tamil Nadu  
"IIT Delhi - Indian Institute of Technology [IITD], New Delhi",55300,ME/M.Tech,20000000,8.7,455,#1st/35 in India  2023, New Delhi, Delhi NCR 
"IIT Bombay - Indian Institute of Technology - [IITB], Mumbai",59300,ME/M.Tech,2182000,8.8,289,#2nd/35 in India  2023, Mumbai, Maharashtra   
"IIT Kharagpur - Indian Institute of Technology - [IITKGP], Kharagpur",27650,ME/M.Tech,26000000,8.7,430,#4th/35 in India  2023, Kharagpur, West Bengal   
"IIT Kanpur - Indian Institute of Technology - [IITK], Kanpur",28700,ME/M.Tech,19000000,8.8,305,#3rd/35 in India  2023, Kanpur, Uttar Pradesh  
"IIT Roorkee - Indian Institute of Technology - [IITR], Roorkee",40100,ME/M.Tech,13000000,8.7,367,#5th/35 in India  2023, Roorkee, Uttarakhand   
"BITS Pilani (Pilani Campus), Pilani",571575,ME/M.Tech,3037000,8.8,528,#1st/246 in India  2023, Pilani, Rajasthan  
"IIT Guwahati - Indian Institute of Technology - [IITG], Guwahati",67350,ME/M.Tech,24000000,8.6,285,#6th/35 in India  2023, Guwahati, Assam   
"IIT Hyderabad - Indian Institute of Technology - [IITH], Hyderabad",53550,ME/M.Tech,2007000,8.5,117,#8th/200 in India  2023, Hyderabad, Telanga  
"College of Engineering, An University - [CEG], chennai",56260,ME/M.Tech,2007000,8.4,99,#12th/131 in India  2023, chennai, Tamil Nadu  
"NIT Trichy, Tiruchirappalli",125450,ME/M.Tech,4000000,8.4,212,#9th/30 in India  2021, Tiruchirappalli, Tamil Nadu    
"IIT BHU - Indian Institute of Technology, Varasi",46315,ME/M.Tech,12000000,8.5,405,#9th/131 in India  2023, Varasi, Uttar Pradesh  
"Institute of Chemical Technology - [ICT], Mumbai",85250,ME/M.Tech,500000,8.6,48,#24th/200 in India  2023, Mumbai, Maharashtra    
"IIT Indore - Indian Institute of Technology - [IITI], Indore",78000,ME/M.Tech,2545000,8.5,103,#14th/200 in India  2023, Indore, Madhya Pradesh  
"Jadavpur University - [JU], Kolkata",24000,ME/M.Tech,3500000,8.5,683,#15th/131 in India  2023, Kolkata, West Bengal      
"ISM Dhanbad - Indian Institute of Technology - [IITISM], Dhanbad",70250,ME/M.Tech,2729000,8.5,445,#14th/131 in India  2023, Dhanbad, Jharkhand   
"tiol Institute of Technology - [NIT], Rourkela",111500,ME/M.Tech,2088000,8.3,381,#21th/30 in India  2021, Rourkela, Orissa   
"IIT Bhubaneswar - Indian Institute of Technology - [IITBBS], Bhubaneswar",43290,ME/M.Tech,1750000,8.3,76,#11th/32 in India  2022, Bhubaneswar, Orissa  
"Vellore Institute of Technology - [VIT University], Vellore",153000,ME/M.Tech,819000,8.3,2112,#4th/218 in India  2021, Vellore, Tamil Nadu   
"Indian Institute of Engineering Science and Technology - [IIEST] Shibpur, Howrah",81500,ME/M.Tech,4500000,8.1,279,#19th/191 in India  2020, Howrah, West Bengal  
"IIT Mandi- Indian Institute of Technology - [IITM], Mandi",54750,ME/M.Tech,2523000,8.3,90,#12th/35 in India  2023, Mandi, Himachal Pradesh  
"tiol Institute of Technology - [NITK], Surathkal",111014,ME/M.Tech,1312000,8.5,279,#15th/30 in India  2020, Surathkal, Kartaka  
"IIT Pat - Indian Institute of Technology - [IITP], Pat",110250,ME/M.Tech,2930000,8.4,122,#11th/35 in India  2023, Pat, Bihar  
"Thapar Institute of Engineering and Technology - [Thapar University], Patiala",202000,ME/M.Tech,1097000,7.7,586,#6th/238 in India  2022, Patiala, Punjab  
"IIT Gandhigar - Indian Institute of Technology - [IITG], Gandhigar",200000,ME/M.Tech,1535000,8.6,37,#9th/35 in India  2023, Gandhigar, Gujarat   
"NIT Warangal, Warangal",134000,ME/M.Tech,1729000,8.4,401,#40th/254 in India  2020, Warangal, Telanga 
"Delhi Technological University - [DTU], New Delhi",169200,ME/M.Tech,2370000,8.1,1070,#8th/35 in India  2023, New Delhi, Delhi NCR  
"Jamia Millia Islamia University-[JMI], New Delhi",18350,ME/M.Tech,900000,8.2,364,#26th/191 in India  2020, New Delhi, Delhi NCR   
"tiol Institute of Technology - [NITC], Calicut",109755,ME/M.Tech,2300000,8.1,257,#20th/131 in India  2023, Calicut, Kerala   
"IIT Ropar - Indian Institute of Technology - [IITR], Ropar",41970,ME/M.Tech,2249000,8.7,75,#10th/30 in India  2020, Ropar, Punjab   
"All India Institute of Medical Sciences - [AIIMS], New Delhi",1628,MBBS,2249000,8.4,150,#1st/57 in India  2023, New Delhi, Delhi NCR   
"Christian Medical College - [CMC], Vellore",52830,MBBS,2249000,8.8,22,#3rd/57 in India  2023, Vellore, Tamil Nadu  
"Baras HinNadu University - [BHU], Varasi",13410,MBBS,2313000,7.8,734,#7th/50 in India  2019, Varasi, Uttar Pradesh   
"Kasturba Medical College - [KMC], Manipal",1780000,MBBS,2313000,9.0,19,#12th/57 in India  2023, Manipal, Kartaka  
"Jawaharlal Institute of Post GraNaduate Medical ENaducation and Research - [JIPMER], Pondicherry",14920,MBBS,2313000,8.6,25,#2nd/57 in India  2023, Pondicherry, PuNaducherry 
"King George's Medical University - [KGMU], Lucknow",54900,MBBS,2313000,8.0,106,#7th/57 in India  2023, Lucknow, Uttar Pradesh 
"Sri Ramachandra Institute of Higher ENaducation and Research, chennai",2500000,MBBS,2313000,7.9,67,#26th/53 in India  2022, chennai, Tamil Nadu  
"St John's Medical College, Bangalore",788385,MBBS,2313000,8.6,13,#21th/57 in India  2023, Bangalore, Kartaka  
"Aligarh Muslim University - [AMU], Aligarh",45690,MBBS,450000,8.2,442,#18th/50 in India  2019, Aligarh, Uttar Pradesh 
"Maula Azad Medical College - [MAMC], New Delhi",4445,MBBS,450000,8.7,104,#5th/57 in India  2023, New Delhi, Delhi NCR  
"Jamia Hamdard University, New Delhi",990500,MBBS,350000,8.4,264,#29th/50 in India  2023, New Delhi, Delhi NCR   
"Kasturba Medical College - [KMC], Mangalore",1780000,MBBS,350000,8.6,26,#34th/57 in India  2023, Mangalore, Kartaka  
"JSS Medical College and Hospital - [JSSMCH], Mysore",1850000,MBBS,350000,7.8,26,#38th/40 in India  2020, Mysore, Kartaka 
"Christian Medical College - [CMC], Ludhia",660000,MBBS,350000,8.5,32,#33th/57 in India  2023, Ludhia, Punjab  
"Vardhman Mahavir Medical College - [VMMC], New Delhi",50000,MBBS,350000,8.7,33,#8th/57 in India  2023, New Delhi, Delhi NCR  
"Dr DY Patil Vidyapeeth - [DPU], Pune",2500000,MBBS,300000,7.6,477,#15th/50 in India  2023, Pune, Maharashtra   
"Siksha 'O' Anusandhan University - [SOA], Bhubaneswar",1960000,MBBS,500000,8.5,712,#16th/50 in India  2023, Bhubaneswar, Orissa 
"SRM Institute of Science and Technology - [SRMIST], Chennai",2500000,MBBS,10000000,8.1,2175,#20th/50 in India  2023, chennai, Tamil Nadu  
"University College of Medical Sciences - [UCMS], New Delhi",30750,MBBS,10000000,8.7,30,#10th/57 in India  2023, New Delhi, Delhi NCR  
"Dayand Medical College and Hospital - [DMCH], Ludhia",406000,MBBS,10000000,8.3,28,#30th/57 in India  2023, Ludhia, Punjab  
"Saveetha Medical College, chennai",2475000,MBBS,10000000,8.8,24,#46th/55 in India  2021, chennai, Tamil Nadu  
"Anmalai University - [AU], Chidram",554370,MBBS,10000000,7.2,159,#40th/50 in India  2021, Chidram, Tamil Nadu    
"Ramaiah Medical College, Bangalore",2200000,MBBS,10000000,8.8,7,#27th/57 in India  2023, Bangalore, Kartaka  
"Regiol Institute of Medical Sciences, Imphal",20000,MBBS,10000000,7.0,5,#46th/50 in India  2022, Imphal, Manipur  
"Sri Venkateswara Institute of Medical Sciences - [SVIMS], Tirupati",67900,MBBS,10000000,8.0,22,#38th/40 in India  2020, Tirupati, Andhra Pradesh  
"Kalinga Institute of InNadustrial Technology - [KIIT], Bhubaneswar",1850000,MBBS,850000,8.5,1316,#26th/50 in India  2023, Bhubaneswar, Orissa     
"Armed Forces Medical College - [AFMC], Pune",90710,MBBS,850000,9.7,15,#4th/57 in India  2023, Pune, Maharashtra  
"Grant Medical College and Sir J. J. Group of Hospitals, Mumbai",139360,MBBS,850000,8.8,23,#11th/55 in India  2021, Mumbai, Maharashtra  
"Bangalore Medical College and Research Institute - [BMCRI], Bangalore",70200,MBBS,850000,8.4,30,#13th/57 in India  2023, Bangalore, Kartaka  
"Seth GS Medical College - [GSMC], Mumbai",144450,MBBS,850000,7.9,34,#11th/57 in India  2023, Mumbai, Maharashtra  
"St Stephen's College, New Delhi",24670,B.Sc,880000,8.7,57,#4th/197 in India  2023, New Delhi, Delhi NCR  
"HinNadu College, New Delhi",24600,B.Sc,840000,8.4,231,#1st/197 in India  2023, New Delhi, Delhi NCR 
"Lady Shri Ram College for Women - [LSR], New Delhi",23970,B.Sc,750000,8.5,109,#15th/197 in India  2023, New Delhi, Delhi NCR  
"Miranda House, New Delhi",19800,B.Sc,897000,8.6,170,#2nd/197 in India  2023, New Delhi, Delhi NCR 
"Loyola College, chennai",48940,B.Sc,897000,8.6,211,#7th/197 in India  2023, chennai, Tamil Nadu  
"Madras Christian College - [MCC], chennai",24665,B.Sc,231200,8.6,276,#5th/197 in India  2023, chennai, Tamil Nadu  
"Hansraj College - [HRC], New Delhi",24665,B.Sc,790000,8.4,341,#3rd/197 in India  2023, New Delhi, Delhi NCR  
"Presidency College, chennai",1270,B.Sc,790000,8.0,27,#15th/60 in India  2023, chennai, Tamil Nadu  
"Fergusson College, Pune",11135,B.Sc,790000,8.0,131,#15th/60 in India  2023, Pune, Maharashtra 
"St. Xavier's College - [SXC], Kolkata",60500,B.Sc,950000,8.3,463,#7th/60 in India  2023, Kolkata, West Bengal  
"Ramakrish Mission Vivekanda Centery College Rahara - [RKMVCC], Kolkata",10420,B.Sc,950000,8.0,35,#47th/124 in India  2019, Kolkata, West Bengal 
"Kirori Mal College - [KMC], New Delhi",13375,B.Sc,700000,8.3,404,#6th/197 in India  2023, New Delhi, Delhi NCR 
"St. Xavier's College, Mumbai",9000,B.Sc,600000,8.1,238,#23th/197 in India  2023, Mumbai, Maharashtra  
"Ramjas College, New Delhi",15271,B.Sc,600000,7.9,280,#18th/197 in India  2023, New Delhi, Delhi NCR 
"Ramakrish Mission Vidyamandira, Howrah",14400,B.Sc,600000,8.8,15,#25th/186 in India  2022, Howrah, West Bengal  
"Sri Venkateswara College - Delhi, New Delhi",17425,B.Sc,541264,8.4,223,#10th/197 in India  2023, New Delhi, Delhi NCR 
"Stella Maris College, chennai",22895,B.Sc,541264,8.3,46,#8th/197 in India  2023, chennai, Tamil Nadu  
"Atma Ram Satan Dharma College - [ARSD], New Delhi",16110,B.Sc,541264,7.9,285,#16th/197 in India  2023, New Delhi, Delhi NCR  
"Ramakrish Mission Residential College - [RKMRC], Kolkata",47100,B.Sc,541264,8.2,38,#11th/197 in India  2023, Kolkata, West Bengal 
"Deen Dayal Upadhyaya College, New Delhi",18745,B.Sc,541264,7.9,176,#11th/197 in India  2023, New Delhi, Delhi NCR  
"PSG College of Arts and Science, Coimbatore",7000,B.Sc,541264,8.4,151,#46th/197 in India  2023, Coimbatore, Tamil Nadu 
"Mount Carmel College - [MCC], Bangalore",72000,B.Sc,485990,8.4,108,#21th/197 in India  2023, Bangalore, Kartaka  
"Dyal Singh College - [DSC], New Delhi",16860,B.Sc,475000,7.8,316,#56th/120 in India  2020, New Delhi, Delhi NCR 
"Lady Irwin College, New Delhi",40640,B.Sc,475000,8.3,58,#56th/120 in India  2020, New Delhi, Delhi NCR  
"Christ University, Bangalore",70000,B.Sc,2000000,8.3,510,#14th/197 in India  2023, Bangalore, Kartaka  
"Gargi College - [GC], New Delhi",15725,B.Sc,1200000,8.2,200,#13th/197 in India  2023, New Delhi, Delhi NCR  
"PSGR Krishmmal College for Women, Coimbatore",1761,B.Sc,1200000,8.8,40,#114th/178 in India  2021, Coimbatore, Tamil Nadu  
"Trivandrum University College, Thiruvanthapuram",1555,B.Sc,1200000,8.5,19,#15th/50 in India  2020, Thiruvanthapuram, Kerala 
"D.G. Ruparel College of Arts Science and Commerce, Mumbai",7005,B.Sc,1200000,7.9,53,#15th/50 in India  2020, Mumbai, Maharashtra 
"St Joseph's University, Bangalore",70000,B.Sc,1200000,8.3,227,#12th/197 in India  2023, Bangalore, Kartaka  
"All India Institute of Medical Sciences - [AIIMS], New Delhi",1685,B.Sc (Nursing),1200000,8.4,150,#301th/601 in India  2020, New Delhi, Delhi NCR   
"Post GraNaduate Institute of Medical ENaducation & Research - [PGIMER], Chandigarh",5850,B.Sc (Nursing),1200000,7.9,26,#301th/601 in India  2020, Chandigarh, Chandigarh   
"Christian Medical College - [CMC], Vellore",23855,B.Sc (Nursing),1200000,8.8,22,#301th/601 in India  2020, Vellore, Tamil Nadu  
"Sanjay Gandhi PostgraNaduate Institute of Medical Sciences - [SGPGIMS], Lucknow",79800,B.Sc (Nursing),1200000,8.0,20,#301th/601 in India  2020, Lucknow, Uttar Pradesh  
"Lovely Professiol University - [LPU], Jalandhar",160000,B.Sc (Nursing),30000000,8.2,2852,#301th/601 in India  2020, Jalandhar, Punjab     
"Chandigarh University - [CU], Chandigarh",141000,B.Sc (Nursing),17000000,9.0,2765,#301th/601 in India  2020, Chandigarh, Chandigarh 
"Baras HinNadu University - [BHU], Varasi",2381,B.Sc (Nursing),2313000,7.8,734,#301th/601 in India  2020, Varasi, Uttar Pradesh   
"Jawaharlal Institute of Post GraNaduate Medical ENaducation and Research - [JIPMER], Pondicherry",11410,B.Sc (Nursing),2313000,8.6,25,#601th/601 in India  2020, Pondicherry, PuNaducherry 
"King George's Medical University - [KGMU], Lucknow",102000,B.Sc (Nursing),2313000,8.0,106,#601th/601 in India  2020, Lucknow, Uttar Pradesh 
"Guru Gobind Singh Indraprastha University - [GGSIPU], New Delhi",102000,B.Sc (Nursing),1200000,7.6,5999,#601th/601 in India  2020, New Delhi, Delhi NCR   
"Sri Ramachandra Institute of Higher ENaducation and Research, chennai",100000,B.Sc (Nursing),1200000,7.9,67,#601th/601 in India  2020, chennai, Tamil Nadu  
"Saveetha Institute of Medical And Technical Sciences - [SIMATS], chennai",125000,B.Sc (Nursing),1200000,8.3,209,#601th/601 in India  2020, chennai, Tamil Nadu  
"Aligarh Muslim University - [AMU], Aligarh",130000,B.Sc (Nursing),450000,8.2,442,#601th/601 in India  2020, Aligarh, Uttar Pradesh 
"Chitkara University - [CU], Patiala",130000,B.Sc (Nursing),750000,7.9,724,#301th/601 in India  2020, Patiala, Punjab      
"St John's Medical College, Bangalore",89870,B.Sc (Nursing),750000,8.6,13,#301th/601 in India  2020, Bangalore, Kartaka  
"Manipal Academy of Higher ENaducation - [MAHE], Manipal",847000,B.Sc (Nursing),4331000,8.3,957,#301th/601 in India  2020, Manipal, Kartaka      
"Amity University, Gurgaon",146000,B.Sc (Nursing),4331000,7.7,75,#601th/601 in India  2020, Gurgaon, Harya   
"Jamia Hamdard University, New Delhi",163000,B.Sc (Nursing),350000,8.4,264,#601th/601 in India  2020, New Delhi, Delhi NCR   
"Kasturba Medical College - [KMC], Mangalore",175000,B.Sc (Nursing),350000,8.6,26,#601th/601 in India  2020, Mangalore, Kartaka  
"JSS Medical College and Hospital - [JSSMCH], Mysore",94300,B.Sc (Nursing),350000,7.8,26,#601th/601 in India  2020, Mysore, Kartaka 
"Christian Medical College - [CMC], Ludhia",147800,B.Sc (Nursing),350000,8.5,32,#601th/601 in India  2020, Ludhia, Punjab  
"Savitribai Phule Pune University - [SPPU], Pune",37625,B.Sc (Nursing),650000,7.6,8706,#601th/601 in India  2020, Pune, Maharashtra  
"Vardhman Mahavir Medical College - [VMMC], New Delhi",37625,B.Sc (Nursing),650000,8.7,33,#601th/601 in India  2020, New Delhi, Delhi NCR  
"Dr DY Patil Vidyapeeth - [DPU], Pune",100000,B.Sc (Nursing),300000,7.6,477,#601th/601 in India  2020, Pune, Maharashtra   
"Siksha 'O' Anusandhan University - [SOA], Bhubaneswar",100000,B.Sc (Nursing),500000,8.5,712,#601th/601 in India  2020, Bhubaneswar, Orissa 
"SRM Institute of Science and Technology - [SRMIST], chennai",75000,B.Sc (Nursing),10000000,8.1,2175,#601th/601 in India  2020, chennai, Tamil Nadu  
"Dayand Medical College and Hospital - [DMCH], Ludhia",78750,B.Sc (Nursing),10000000,8.3,28,#601th/601 in India  2020, Ludhia, Punjab  
"Saveetha Medical College, chennai",145000,B.Sc (Nursing),10000000,8.8,24,#601th/601 in India  2020, chennai, Tamil Nadu  
"Basthali Vidyapith, Jaipur",124000,B.Sc (Nursing),360000,8.5,330,#601th/601 in India  2020, Jaipur, Rajasthan  
"Anmalai University - [AU], Chidram",56580,B.Sc (Nursing),360000,7.2,159,#601th/601 in India  2020, Chidram, Tamil Nadu    
"Lady Shri Ram College for Women - [LSR], New Delhi",19170,BA,750000,8.5,109,#4th/173 in India  2023, New Delhi, Delhi NCR  
"Loyola College, chennai",11900,BA,750000,8.6,211,#8th/173 in India  2023, chennai, Tamil Nadu  
"St. Xavier's College, Mumbai",7000,BA,600000,8.1,238,#16th/173 in India  2023, Mumbai, Maharashtra  
"Christ University, Bangalore",70000,BA,2000000,8.3,510,#11th/173 in India  2023, Bangalore, Kartaka  
"Miranda House, New Delhi",14160,BA,897000,8.6,170,#3rd/173 in India  2023, New Delhi, Delhi NCR 
"Presidency College, chennai",1250,BA,897000,8.0,27,#24th/50 in India  2019, chennai, Tamil Nadu  
"Madras Christian College - [MCC], chennai",22500,BA,231200,8.6,276,#7th/173 in India  2023, chennai, Tamil Nadu  
"HinNadu College, New Delhi",22500,BA,840000,8.4,231,#1st/173 in India  2023, New Delhi, Delhi NCR 
"Hansraj College - [HRC], New Delhi",21865,BA,790000,8.4,341,#5th/173 in India  2023, New Delhi, Delhi NCR  
"Fergusson College, Pune",9355,BA,790000,8.0,131,#19th/59 in India  2023, Pune, Maharashtra 
"K J Somaiya College of Arts & Commerce - [KJSAC], Mumbai",8795,BA,790000,8.1,108,#24th/173 in India  2023, Mumbai, Maharashtra 
"Ramjas College, New Delhi",14156,BA,790000,7.9,280,#10th/173 in India  2023, New Delhi, Delhi NCR 
"Jesus and Mary College - [JMC], New Delhi",41260,BA,654000,8.0,70,#23th/59 in India  2023, New Delhi, Delhi NCR 
"Presidency University, Kolkata",2000,BA,500000,8.1,86,#26th/59 in India  2023, Kolkata, West Bengal  
"Jai Hind College - [JHC], Mumbai",5730,BA,500000,8.5,188,#26th/59 in India  2023, Mumbai, Maharashtra 
"Gargi College - [GC], New Delhi",14975,BA,1200000,8.2,200,#13th/173 in India  2023, New Delhi, Delhi NCR  
"Sri Venkateswara College - Delhi, New Delhi",14725,BA,541264,8.4,223,#12th/173 in India  2023, New Delhi, Delhi NCR 
"St Xavier's College, Ahmedabad",7385,BA,541264,8.2,93,#30th/173 in India  2023, Ahmedabad, Gujarat  
"Delhi College of Arts and Commerce - [DCAC], New Delhi",10905,BA,541264,8.0,121,#35th/173 in India  2023, New Delhi, Delhi NCR  
"St. Xavier's College - [SXC], Kolkata",32600,BA,950000,8.3,463,#9th/59 in India  2023, Kolkata, West Bengal  
"Ramrain Ruia Autonomous College, Mumbai",4825,BA,950000,7.9,73,#40th/173 in India  2023, Mumbai, Maharashtra  
"Shri Ram College of Commerce - [SRCC], New Delhi",29245,BA,943000,8.8,193,#25th/173 in India  2023, New Delhi, Delhi NCR  
"Kishhand Chellaram College - [KC College], Mumbai",9820,BA,943000,8.2,96,#25th/173 in India  2023, Mumbai, Maharashtra 
"St Andrew's College of Arts Science and Commerce, Mumbai",4350,BA,943000,8.2,39,#29th/173 in India  2023, Mumbai, Maharashtra 
"Modern College of Arts Science and Commerce - [MCASC] Shivajigar, Pune",13340,BA,943000,7.3,232,#29th/173 in India  2023, Pune, Maharashtra  
"Maharaja Agrasen College - [MAC], New Delhi",13340,BA,943000,7.7,177,#29th/173 in India  2023, New Delhi, Delhi NCR 
"Sophia College for Women, Mumbai",40140,BA,943000,8.6,32,#19th/173 in India  2023, Mumbai, Maharashtra  
"St. Mira's College for Girls, Pune",19350,BA,943000,7.1,19,#45th/173 in India  2023, Pune, Maharashtra 
"Lady Brabourne College - [LBC], Kolkata",53000,BA,943000,7.5,34,#53th/173 in India  2023, Kolkata, West Bengal 
"Basthali Vidyapith, Jaipur",53000,BA,360000,8.5,330,#21th/272 in India  2023, Jaipur, Rajasthan  
"TAPMI Manipal, Manipal",385000,BBA/BBM,1460000,8.4,126,#21th/272 in India  2023, Manipal, Kartaka   
"rsee Monjee Institute of Magement Studies - [NMIMS University], Bangalore",315000,BBA/BBM,1180000,7.9,107,#30th/272 in India  2023, Bangalore, Kartaka   
"Woxsen School of Business - [WSB], Hyderabad",656250,BBA/BBM,909000,8.3,94,#119th/272 in India  2023, Hyderabad, Telanga   
"IBS, Hyderabad",270000,BBA/BBM,1042000,8.3,197,#23th/272 in India  2023, Hyderabad, Telanga   
"Institute of Magement, Nirma university, Ahmedabad",313000,BBA/BBM,1035000,8.5,37,#36th/272 in India  2023, Ahmedabad, Gujarat 
"Amity University, Noida",344000,BBA/BBM,5800000,8.1,2215,#28th/125 in India  2023, Noida, Uttar Pradesh     
"Lovely Professiol University - [LPU], Jalandhar",200000,BBA/BBM,30000000,8.2,2852,#83th/284 in India  2019, Jalandhar, Punjab     
"Jamia Millia Islamia University-[JMI], New Delhi",30185,BBA/BBM,900000,8.2,364,#25th/125 in India  2023, New Delhi, Delhi NCR   
"University of Petroleum and Energy Studies - [UPES], DehraNadun",316800,BBA/BBM,866000,8.1,502,#47th/214 in India  2023, DehraNadun, Uttarakhand    
"Chandigarh University - [CU], Chandigarh",141000,BBA/BBM,17000000,9.0,2765,#36th/125 in India  2023, Chandigarh, Chandigarh 
"Jagan Institute of Magement Studies Technical Campus - [JIMS] Rohini, New Delhi",108000,BBA/BBM,810000,8.1,150,#64th/272 in India  2023, New Delhi, Delhi NCR    
"Kalinga Institute of InNadustrial Technology - [KIIT], Bhubaneswar",139000,BBA/BBM,850000,8.5,1316,#16th/120 in India  2019, Bhubaneswar, Orissa     
"Gitarattan Intertiol Business School- [GIBS], New Delhi",131800,BBA/BBM,450000,8.2,118,#182th/200 in India  2023, New Delhi, Delhi NCR   
"Amity University, Mumbai",400000,BBA/BBM,450000,8.5,53,#102th/125 in India  2022, Mumbai, Maharashtra     
"SRM Institute of Science and Technology - [SRMIST], chennai",100000,BBA/BBM,10000000,8.1,2175,#105th/281 in India  2022, chennai, Tamil Nadu  
"University of Engineering and Magement - [UEM], Kolkata",125000,BBA/BBM,450000,7.9,621,#94th/200 in India  2023, Kolkata, West Bengal    
"Intertiol School of Magement - [ISM], Pat",79000,BBA/BBM,600000,7.7,18,#105th/120 in India  2022, Pat, Bihar  
"Guru Gobind Singh Indraprastha University - [GGSIPU], New Delhi",102000,BBA/BBM,1200000,7.6,5999,#66th/125 in India  2023, New Delhi, Delhi NCR   
"Thapar Institute of Engineering and Technology - [Thapar University], Patiala",420000,BBA/BBM,1097000,7.7,586,#49th/125 in India  2023, Patiala, Punjab  
"AIMS Institutes, Bangalore",310000,BBA/BBM,800000,7.3,65,#94th/272 in India  2023, Bangalore, Kartaka  
"GLA University, Mathura",130000,BBA/BBM,630000,8.4,729,#101th/125 in India  2023, Mathura, Uttar Pradesh     
"Poniyah Ramajayam Institute of Science and Technology University - [PRIST University], Thanjavur",12000,BBA/BBM,650000,7.3,29,#32th/150 in India  2022, Thanjavur, Tamil Nadu 
"BML Munjal University - [BMU], Gurgaon",335600,BBA/BBM,851000,8.1,80,#72th/125 in India  2023, Gurgaon, Harya   
"Vellore Institute of Technology - [VIT University], Vellore",57000,BBA/BBM,819000,8.3,2112,#55th/100 in India  2020, Vellore, Tamil Nadu   
"Quantum University, Roorkee",67000,BBA/BBM,1800000,7.3,158,#57th/120 in India  2022, Roorkee, Uttarakhand   
"Acharya garju University - [ANU], Guntur",9340,BBA/BBM,1800000,7.6,695,#40th/150 in India  2022, Guntur, Andhra Pradesh  
"Prestige Institute of Magement and Research - [PIMR], Indore",165000,BBA/BBM,441000,7.6,306,#71th/272 in India  2023, Indore, Madhya Pradesh   
"Intertiol School of Magement Excellence -
 [ISME], Bangalore",630000,BBA/BBM,748000,8.0,91,#84th/272 in India  2023, Bangalore, Kartaka    
"GITAM, Visakhapatm",256000,BBA/BBM,1900000,8.0,651,#101th/125 in India  2023, Visakhapatm, Andhra Pradesh   
"Universal Business School - [UBS], Karjat",558000,BBA/BBM,1261000,8.6,192,#82th/272 in India  2023, Karjat, Maharashtra    
"Christ University, Bangalore",140000,BCA,2000000,8.3,510,#1st/170 in India  2023, Bangalore, Kartaka  
"Presidency College, Bangalore",330000,BCA,365000,7.9,68,#45th/110 in India  2020, Bangalore, Kartaka  
"SRM Institute of Science and Technology - [SRMIST], chennai",85000,BCA,10000000,8.1,2175,#45th/110 in India  2020, chennai, Tamil Nadu  
"Symbiosis Institute of Computer Studies and Research - [SICSR], Pune",195000,BCA,1800000,6.9,44,#45th/110 in India  2020, Pune, Maharashtra 
"Loyola College, chennai",48940,BCA,1800000,8.6,211,#45th/110 in India  2020, chennai, Tamil Nadu  
"GLS Institute of Computer Application, Ahmedabad",57000,BCA,1800000,8.1,15,#45th/110 in India  2020, Ahmedabad, Gujarat  
"Vellore Institute of Technology - [VIT University], Vellore",57000,BCA,819000,8.3,2112,#45th/110 in India  2020, Vellore, Tamil Nadu   
"Institute of Business Studies and Research - [IBSAR], vi Mumbai",130000,BCA,819000,6.1,17,#45th/110 in India  2020, vi Mumbai, Maharashtra  
"Xavier's Institute of Computer Application, Ahmedabad",10600,BCA,819000,8.6,3,#45th/110 in India  2020, Ahmedabad, Gujarat  
"DAV College - [DAVC], Chandigarh",46770,BCA,819000,8.0,137,#45th/110 in India  2020, Chandigarh, Chandigarh  
"tiol Institute of Magement - [NIM], Mumbai",58700,BCA,819000,10.0,2,#45th/110 in India  2020, Mumbai, Maharashtra 
"Madhav University - [MU], Sirohi",20000,BCA,819000,7.8,22,#45th/110 in India  2020, Sirohi, Rajasthan     
"OPJS University, Churu",41200,BCA,819000,7.6,17,#45th/110 in India  2020, Churu, Rajasthan     
"Institute of Magement Studies - [IMS], Noida",164670,BCA,1200000,7.8,111,#45th/110 in India  2020, Noida, Uttar Pradesh  
"Chandigarh University - [CU], Chandigarh",137000,BCA,17000000,9.0,2765,#45th/110 in India  2020, Chandigarh, Chandigarh 
"Lingaya's Vidyapeeth, Faridabad",92000,BCA,1020000,7.3,195,#45th/110 in India  2020, Faridabad, Harya 
"Vivekanda Institute of Professiol Studies - [VIPS], New Delhi",86400,BCA,1020000,8.3,280,#45th/110 in India  2020, New Delhi, Delhi NCR   
"Harya College of Technology and Magement, Kaithal",99000,BCA,1020000,6.8,19,#45th/110 in India  2020, Kaithal, Harya  
"PCTE Group of Institutes, Ludhia",54650,BCA,600000,7.9,89,#45th/110 in India  2020, Ludhia, Punjab  
"Mav Rach Intertiol Institute of Research and Studies - [MRIIRS], Faridabad",136000,BCA,3200000,7.8,355,#45th/110 in India  2020, Faridabad, Harya  
"Graphic Era University - [GEU], DehraNadun",142200,BCA,508000,8.3,791,#45th/110 in India  2020, DehraNadun, Uttarakhand     
"M.O.P. Vaishv College for Women, chennai",154500,BCA,303086,8.5,34,#45th/110 in India  2020, chennai, Tamil Nadu 
"Sharda University - [SU], Greater Noida",154500,BCA,3000000,8.1,554,#45th/110 in India  2020, Greater Noida, Uttar Pradesh     
"Gian Jyoti Institute of Magement and Technology - [GJIMT], Chandigarh",48640,BCA,1200000,8.2,21,#45th/110 in India  2020, Chandigarh, Chandigarh  
"ITM University, Gwalior",135000,BCA,550000,8.0,215,#45th/110 in India  2020, Gwalior, Madhya Pradesh      
"Bharati Vidyapeeth Institute of Magement and Research - [BVIMR], New Delhi",140000,BCA,2000000,8.3,96,#45th/110 in India  2020, New Delhi, Delhi NCR  
"Prestige Institute of Magement & Research - [PIMRG], Gwalior",82450,BCA,467000,8.3,93,#45th/110 in India  2020, Gwalior, Madhya Pradesh  
"Rabindrath Tagore University - [RNTU], Bhopal",20000,BCA,467000,7.8,41,#45th/110 in India  2020, Bhopal, Madhya Pradesh     
"Lovely Professiol University - [LPU], Jalandhar",160000,BCA,30000000,8.2,2852,#45th/110 in India  2020, Jalandhar, Punjab     
"Intertiol Academy for Magement Studies - [IAMS], Thiruvanthapuram",37500,BCA,30000000,8.6,3,#45th/110 in India  2020, Thiruvanthapuram, Kerala  
