College Name,Location,Course Fees,Courses,Placement,Review,Number of Reviews,Ranking
"IIT Madras - Indian Institute of Technology - [IITM], chennai"," chennai, Tamil Nadu ","₹ 19,850",ME/M.Tech,"₹ 21,48,000Average Package", 8.6 / 10 ,Based on 278 UserReviews,#3rd/131 in India  2023
"IIT Delhi - Indian Institute of Technology [IITD], New Delhi"," New Delhi, Delhi NCR ","₹ 55,300",ME/M.Tech,"₹ 2,00,00,000Highest Package", 8.7 / 10 ,Based on 455 UserReviews,#1st/35 in India  2023
"IIT Bombay - Indian Institute of Technology - [IITB], Mumbai"," Mumbai, Maharashtra ","₹ 59,300",ME/M.Tech,"₹ 21,82,000Average Package", 8.8 / 10 ,Based on 289 UserReviews,#2nd/35 in India  2023
"IIT Kharagpur - Indian Institute of Technology - [IITKGP], Kharagpur"," Kharagpur, West Bengal ,  ","₹ 27,650",ME/M.Tech,"₹ 2,60,00,000Highest Package", 8.7 / 10 ,Based on 430 UserReviews,#4th/35 in India  2023
"IIT Kanpur - Indian Institute of Technology - [IITK], Kanpur"," Kanpur, Uttar Pradesh  ","₹ 28,700",ME/M.Tech,"₹ 1,90,00,000Highest Package", 8.8 / 10 ,Based on 305 UserReviews,#3rd/35 in India  2023
"IIT Roorkee - Indian Institute of Technology - [IITR], Roorkee"," Roorkee, Uttarakhand ,  ","₹ 40,100",ME/M.Tech,"₹ 1,30,00,000Highest Package", 8.7 / 10 ,Based on 367 UserReviews,#5th/35 in India  2023
"BITS Pilani (Pilani Campus), Pilani"," Pilani, Rajasthan  ","₹ 5,71,575",ME/M.Tech,"₹ 30,37,000Average Package", 8.8 / 10 ,Based on 528 UserReviews,#1st/246 in India  2023
"IIT Guwahati - Indian Institute of Technology - [IITG], Guwahati"," Guwahati, Assam ,  ","₹ 67,350",ME/M.Tech,"₹ 2,40,00,000Highest Package", 8.6 / 10 ,Based on 285 UserReviews,#6th/35 in India  2023
"IIT Hyderabad - Indian Institute of Technology - [IITH], Hyderabad"," Hyderabad, Telanga  ","₹ 53,550",ME/M.Tech,"₹ 20,07,000Average Package", 8.5 / 10 ,Based on 117 UserReviews,#8th/200 in India  2023
"College of Engineering, An University - [CEG], chennai"," chennai, Tamil Nadu  ","₹ 56,260",ME/M.Tech,, 8.4 / 10 ,Based on 99 UserReviews,#12th/131 in India  2023
"NIT Trichy, Tiruchirappalli"," Tiruchirappalli, Tamil Nadu ,   ","₹ 1,25,450",ME/M.Tech,"₹ 40,00,000Highest Package", 8.4 / 10 ,Based on 212 UserReviews,#9th/30 in India  2021
"IIT BHU - Indian Institute of Technology, Varasi"," Varasi, Uttar Pradesh  ","₹ 46,315",ME/M.Tech,"₹ 1,20,00,000Highest Package", 8.5 / 10 ,Based on 405 UserReviews,#9th/131 in India  2023
"Institute of Chemical Technology - [ICT], Mumbai"," Mumbai, Maharashtra    ","₹ 85,250",ME/M.Tech,"₹ 5,00,000Average Package", 8.6 / 10 ,Based on 48 UserReviews,#24th/200 in India  2023
"IIT Indore - Indian Institute of Technology - [IITI], Indore"," Indore, Madhya Pradesh  ","₹ 78,000",ME/M.Tech,"₹ 25,45,000Average Package", 8.5 / 10 ,Based on 103 UserReviews,#14th/200 in India  2023
"Jadavpur University - [JU], Kolkata"," Kolkata, West Bengal      ","₹ 24,000",ME/M.Tech,"₹ 35,00,000Average Package", 8.5 / 10 ,Based on 683 UserReviews,#15th/131 in India  2023
"ISM Dhanbad - Indian Institute of Technology - [IITISM], Dhanbad"," Dhanbad, Jharkhand ,  ","₹ 70,250",ME/M.Tech,"₹ 27,29,000Average Package", 8.5 / 10 ,Based on 445 UserReviews,#14th/131 in India  2023
"tiol Institute of Technology - [NIT], Rourkela"," Rourkela, Orissa ,  ","₹ 1,11,500",ME/M.Tech,"₹ 20,88,000Average Package", 8.3 / 10 ,Based on 381 UserReviews,#21th/30 in India  2021
"IIT Bhubaneswar - Indian Institute of Technology - [IITBBS], Bhubaneswar"," Bhubaneswar, Orissa  ","₹ 43,290",ME/M.Tech,"₹ 17,50,000Average Package", 8.3 / 10 ,Based on 76 UserReviews,#11th/32 in India  2022
"Vellore Institute of Technology - [VIT University], Vellore"," Vellore, Tamil Nadu ,  ","₹ 1,53,000",ME/M.Tech,"₹ 8,19,000Average Package", 8.3 / 10 ,Based on 2112 UserReviews,#4th/218 in India  2021
"Indian Institute of Engineering Science and Technology - [IIEST] Shibpur, Howrah"," Howrah, West Bengal  ","₹ 81,500",ME/M.Tech,"₹ 45,00,000Highest Package", 8.1 / 10 ,Based on 279 UserReviews,#19th/191 in India  2020
"IIT Mandi- Indian Institute of Technology - [IITM], Mandi"," Mandi, Himachal Pradesh  ","₹ 54,750",ME/M.Tech,"₹ 25,23,000Average Package", 8.3 / 10 ,Based on 90 UserReviews,#12th/35 in India  2023
"tiol Institute of Technology - [NITK], Surathkal"," Surathkal, Kartaka  ","₹ 1,11,014",ME/M.Tech,"₹ 13,12,000Average Package", 8.5 / 10 ,Based on 279 UserReviews,#15th/30 in India  2020
"IIT Pat - Indian Institute of Technology - [IITP], Pat"," Pat, Bihar  ","₹ 1,10,250",ME/M.Tech,"₹ 29,30,000Average Package", 8.4 / 10 ,Based on 122 UserReviews,#11th/35 in India  2023
"Thapar Institute of Engineering and Technology - [Thapar University], Patiala"," Patiala, Punjab  ","₹ 2,02,000",ME/M.Tech,"₹ 10,97,000Average Package", 7.7 / 10 ,Based on 586 UserReviews,#6th/238 in India  2022
"IIT Gandhigar - Indian Institute of Technology - [IITG], Gandhigar"," Gandhigar, Gujarat ,  ","₹ 2,00,000",ME/M.Tech,"₹ 15,35,000Average Package", 8.6 / 10 ,Based on 37 UserReviews,#9th/35 in India  2023
"NIT Warangal, Warangal"," Warangal, Telanga ","₹ 1,34,000",ME/M.Tech,"₹ 17,29,000Average Package", 8.4 / 10 ,Based on 401 UserReviews,#40th/254 in India  2020
"Delhi Technological University - [DTU], New Delhi"," New Delhi, Delhi NCR  ","₹ 1,69,200",ME/M.Tech,"₹ 23,70,000Average Package", 8.1 / 10 ,Based on 1070 UserReviews,#8th/35 in India  2023
"Jamia Millia Islamia University-[JMI], New Delhi"," New Delhi, Delhi NCR ,  ","₹ 18,350",ME/M.Tech,"₹ 9,00,000Average Package", 8.2 / 10 ,Based on 364 UserReviews,#26th/191 in India  2020
"tiol Institute of Technology - [NITC], Calicut"," Calicut, Kerala ,  ","₹ 1,09,755",ME/M.Tech,"₹ 23,00,000Average Package", 8.1 / 10 ,Based on 257 UserReviews,#20th/131 in India  2023
"IIT Ropar - Indian Institute of Technology - [IITR], Ropar"," Ropar, Punjab ,  ","₹ 41,970",ME/M.Tech,"₹ 22,49,000Average Package", 8.7 / 10 ,Based on 75 UserReviews,#10th/30 in India  2020
"IIT Madras - Indian Institute of Technology - [IITM], chennai"," chennai, Tamil Nadu  ","₹ 2,09,550",BE/B.Tech,"₹ 21,48,000Average Package", 8.6 / 10 ,Based on 278 UserReviews,#3rd/131 in India  2023
"IIT Delhi - Indian Institute of Technology [IITD], New Delhi"," New Delhi, Delhi NCR ","₹ 2,54,650",BE/B.Tech,"₹ 2,00,00,000Highest Package", 8.7 / 10 ,Based on 455 UserReviews,#1st/35 in India  2023
"IIT Bombay - Indian Institute of Technology - [IITB], Mumbai"," Mumbai, Maharashtra ,  ","₹ 2,29,300",BE/B.Tech,"₹ 21,82,000Average Package", 8.8 / 10 ,Based on 289 UserReviews,#2nd/35 in India  2023
"IIT Kharagpur - Indian Institute of Technology - [IITKGP], Kharagpur"," Kharagpur, West Bengal ,  ","₹ 2,23,600",BE/B.Tech,"₹ 2,60,00,000Highest Package", 8.7 / 10 ,Based on 430 UserReviews,#4th/35 in India  2023
"IIT Kanpur - Indian Institute of Technology - [IITK], Kanpur"," Kanpur, Uttar Pradesh  ","₹ 2,29,200",BE/B.Tech,"₹ 1,90,00,000Highest Package", 8.8 / 10 ,Based on 305 UserReviews,#3rd/35 in India  2023
"IIT Roorkee - Indian Institute of Technology - [IITR], Roorkee"," Roorkee, Uttarakhand ,  ","₹ 2,30,100",BE/B.Tech,"₹ 1,30,00,000Highest Package", 8.7 / 10 ,Based on 367 UserReviews,#5th/35 in India  2023
"BITS Pilani (Pilani Campus), Pilani"," Pilani, Rajasthan  ","₹ 5,71,575",BE/B.Tech,"₹ 30,37,000Average Package", 8.8 / 10 ,Based on 528 UserReviews,#1st/246 in India  2023
"IIT Guwahati - Indian Institute of Technology - [IITG], Guwahati"," Guwahati, Assam ,  ","₹ 2,19,250",BE/B.Tech,"₹ 2,40,00,000Highest Package", 8.6 / 10 ,Based on 285 UserReviews,#6th/35 in India  2023
"IIT Hyderabad - Indian Institute of Technology - [IITH], Hyderabad"," Hyderabad, Telanga  ","₹ 2,41,550",BE/B.Tech,"₹ 20,07,000Average Package", 8.5 / 10 ,Based on 117 UserReviews,#8th/200 in India  2023
"College of Engineering, An University - [CEG], chennai"," chennai, Tamil Nadu  ","₹ 47,200",BE/B.Tech,, 8.4 / 10 ,Based on 99 UserReviews,#12th/131 in India  2023
"NIT Trichy, Tiruchirappalli"," Tiruchirappalli, Tamil Nadu ,   ","₹ 1,74,950",BE/B.Tech,"₹ 40,00,000Highest Package", 8.4 / 10 ,Based on 212 UserReviews,#9th/30 in India  2021
"IIT BHU - Indian Institute of Technology, Varasi"," Varasi, Uttar Pradesh  ","₹ 2,28,315",BE/B.Tech,"₹ 1,20,00,000Highest Package", 8.5 / 10 ,Based on 405 UserReviews,#9th/131 in India  2023
"Institute of Chemical Technology - [ICT], Mumbai"," Mumbai, Maharashtra    ","₹ 89,100",BE/B.Tech,"₹ 5,00,000Average Package", 8.6 / 10 ,Based on 48 UserReviews,#24th/200 in India  2023
"IIT Indore - Indian Institute of Technology - [IITI], Indore"," Indore, Madhya Pradesh  ","₹ 2,33,900",BE/B.Tech,"₹ 25,45,000Average Package", 8.5 / 10 ,Based on 103 UserReviews,#14th/200 in India  2023
"Jadavpur University - [JU], Kolkata"," Kolkata, West Bengal      ","₹ 10,000",BE/B.Tech,"₹ 35,00,000Average Package", 8.5 / 10 ,Based on 683 UserReviews,#15th/131 in India  2023
"ISM Dhanbad - Indian Institute of Technology - [IITISM], Dhanbad"," Dhanbad, Jharkhand ,  ","₹ 2,40,250",BE/B.Tech,"₹ 27,29,000Average Package", 8.5 / 10 ,Based on 445 UserReviews,#14th/131 in India  2023
"tiol Institute of Technology - [NIT], Rourkela"," Rourkela, Orissa ,  ","₹ 1,78,000",BE/B.Tech,"₹ 20,88,000Average Package", 8.3 / 10 ,Based on 381 UserReviews,#21th/30 in India  2021
"IIT Bhubaneswar - Indian Institute of Technology - [IITBBS], Bhubaneswar"," Bhubaneswar, Orissa  ","₹ 2,21,290",BE/B.Tech,"₹ 17,50,000Average Package", 8.3 / 10 ,Based on 76 UserReviews,#11th/32 in India  2022
"Vellore Institute of Technology - [VIT University], Vellore"," Vellore, Tamil Nadu ,  ","₹ 1,98,000",BE/B.Tech,"₹ 8,19,000Average Package", 8.3 / 10 ,Based on 2112 UserReviews,#4th/218 in India  2021
"Indian Institute of Engineering Science and Technology - [IIEST] Shibpur, Howrah"," Howrah, West Bengal  ","₹ 1,42,000",BE/B.Tech,"₹ 45,00,000Highest Package", 8.1 / 10 ,Based on 279 UserReviews,#19th/191 in India  2020
"IIT Mandi- Indian Institute of Technology - [IITM], Mandi"," Mandi, Himachal Pradesh  ","₹ 2,34,750",BE/B.Tech,"₹ 25,23,000Average Package", 8.3 / 10 ,Based on 90 UserReviews,#12th/35 in India  2023
"tiol Institute of Technology - [NITK], Surathkal"," Surathkal, Kartaka  ","₹ 1,57,280",BE/B.Tech,"₹ 13,12,000Average Package", 8.5 / 10 ,Based on 279 UserReviews,#15th/30 in India  2020
"IIT Pat - Indian Institute of Technology - [IITP], Pat"," Pat, Bihar  ","₹ 2,70,250",BE/B.Tech,"₹ 29,30,000Average Package", 8.4 / 10 ,Based on 122 UserReviews,#11th/35 in India  2023
"Thapar Institute of Engineering and Technology - [Thapar University], Patiala"," Patiala, Punjab  ","₹ 4,13,600",BE/B.Tech,"₹ 10,97,000Average Package", 7.7 / 10 ,Based on 586 UserReviews,#6th/238 in India  2022
"IIT Gandhigar - Indian Institute of Technology - [IITG], Gandhigar"," Gandhigar, Gujarat ,  ","₹ 2,29,426",BE/B.Tech,"₹ 15,35,000Average Package", 8.6 / 10 ,Based on 37 UserReviews,#9th/35 in India  2023
"NIT Warangal, Warangal"," Warangal, Telanga ","₹ 2,07,000",BE/B.Tech,"₹ 17,29,000Average Package", 8.4 / 10 ,Based on 401 UserReviews,#40th/254 in India  2020
"Delhi Technological University - [DTU], New Delhi"," New Delhi, Delhi NCR  ","₹ 2,29,300",BE/B.Tech,"₹ 23,70,000Average Package", 8.1 / 10 ,Based on 1070 UserReviews,#8th/35 in India  2023
"Jamia Millia Islamia University-[JMI], New Delhi"," New Delhi, Delhi NCR ,  ","₹ 16,150",BE/B.Tech,"₹ 9,00,000Average Package", 8.2 / 10 ,Based on 364 UserReviews,#26th/191 in India  2020
"tiol Institute of Technology - [NITC], Calicut"," Calicut, Kerala ,  ","₹ 3,08,255",BE/B.Tech,"₹ 23,00,000Average Package", 8.1 / 10 ,Based on 257 UserReviews,#20th/131 in India  2023
"IIT Ropar - Indian Institute of Technology - [IITR], Ropar"," Ropar, Punjab ,  ","₹ 2,22,300",BE/B.Tech,"₹ 22,49,000Average Package", 8.7 / 10 ,Based on 75 UserReviews,#10th/30 in India  2020
"IIM A - Indian Institute of Magement, Ahmedabad"," Ahmedabad, Gujarat  ","₹ 25,00,000",MBA/PGDM,"₹ 34,36,000Average Package", 9.1 / 10 ,Based on 51 UserReviews,#2nd/272 in India  2023
"IIM Bangalore - Indian Institute of Magement, Bangalore"," Bangalore, Kartaka ,  ","₹ 24,50,000",MBA/PGDM,"₹ 33,80,000Average Package", 9.2 / 10 ,Based on 74 UserReviews,#3rd/272 in India  2023
"Indian Institute of Magement - [IIMC], Kolkata"," Kolkata, West Bengal  ","₹ 27,00,000",MBA/PGDM,"₹ 35,07,000Average Package", 8.8 / 10 ,Based on 83 UserReviews,#1st/272 in India  2023
"XLRI, Jamshedpur"," Jamshedpur, Jharkhand ,   ","₹ 14,30,000",MBA/PGDM,"₹ 32,70,000Average Package", 8.9 / 10 ,Based on 68 UserReviews,#2nd/214 in India  2023
"FMS Delhi Faculty of Magement Studies, New Delhi"," New Delhi, Delhi NCR  ","₹ 1,00,000",MBA/PGDM,"₹ 34,10,000Average Package", 7.8 / 10 ,Based on 117 UserReviews,#8th/272 in India  2023
"SP Jain [SPJIMR], Mumbai"," Mumbai, Maharashtra ,   ","₹ 24,00,000",MBA/PGDM,"₹ 33,02,000Average Package", 8.4 / 10 ,Based on 43 UserReviews,#5th/272 in India  2023
"Indian Institute of Magement IIML, Lucknow"," Lucknow, Uttar Pradesh   ","₹ 10,95,000",MBA/PGDM,"₹ 32,23,000Average Package", 8.5 / 10 ,Based on 78 UserReviews,#4th/272 in India  2023
"IIM Indore - Indian Institute of Magement, Indore"," Indore, Madhya Pradesh  ","₹ 9,04,711",MBA/PGDM,"₹ 30,21,000Average Package", 8.7 / 10 ,Based on 73 UserReviews,#6th/272 in India  2023
"Indian Institute of Magement - [IIMK], Kozhikode"," Kozhikode, Kerala  ","₹ 20,50,000",MBA/PGDM,"₹ 31,02,000Average Package", 8.6 / 10 ,Based on 36 UserReviews,#3rd/214 in India  2023
"JBIMS, Mumbai"," Mumbai, Maharashtra  ","₹ 3,50,000",MBA/PGDM,"₹ 27,63,000Average Package", 8.1 / 10 ,Based on 27 UserReviews,#22th/272 in India  2023
"IIFT Delhi Indian Institute of Foreign Trade, New Delhi"," New Delhi, Delhi NCR ","₹ 33,77,314",MBA/PGDM,"₹ 29,10,000Average Package", 9 / 10 ,Based on 122 UserReviews,#9th/272 in India  2023
"IIM Shillong Indian Institute of Magement, Shillong"," Shillong, Meghalaya  ","₹ 14,60,000",MBA/PGDM,"₹ 26,96,000Average Package", 8.1 / 10 ,Based on 32 UserReviews,#12th/272 in India  2023
"IIM Mumbai - Indian Institute of Magement, Mumbai"," Mumbai, Maharashtra  ","₹ 21,00,000",MBA/PGDM,"₹ 27,75,000Average Package", 8.6 / 10 ,Based on 68 UserReviews,#12th/292 in India  2020
"TISS Tata Institute of Social Sciences, Mumbai"," Mumbai, Maharashtra  ","₹ 1,00,000",MBA/PGDM,"₹ 27,22,000Average Package", 8.5 / 10 ,Based on 69 UserReviews,#19th/50 in India  2019
"Shailesh J. Mehta School of Magement, IIT Bombay - [SJMSOM], Mumbai"," Mumbai, Maharashtra  ","₹ 4,91,100",MBA/PGDM,"₹ 28,88,000Average Package", 8.8 / 10 ,Based on 27 UserReviews,#13th/179 in India  2020
"DMS IIT Delhi, New Delhi"," New Delhi, Delhi NCR ,  ","₹ 10,40,000",MBA/PGDM,"₹ 25,82,000Average Package", 8.7 / 10 ,Based on 40 UserReviews,#16th/272 in India  2023
"Symbiosis Institute of Business Magement - [SIBM], Pune"," Pune, Maharashtra  ","₹ 13,49,000",MBA/PGDM,"₹ 26,77,777Average Package", 8.5 / 10 ,Based on 51 UserReviews,#14th/272 in India  2023
"ISB Hyderabad Indian School of Business, Hyderabad"," Hyderabad, Telanga ","₹ 36,29,620",MBA/PGDM,"₹ 34,21,000Average Package", 9.1 / 10 ,Based on 38 UserReviews,#19th/608 in India  2023
"School of Business Magement, NMIMS University  - [SBM NMIMS], Mumbai"," Mumbai, Maharashtra  ","₹ 11,95,000",MBA/PGDM,"₹ 18,45,000Average Package", 8.2 / 10 ,Based on 22 UserReviews,#4th/268 in India  2021
"Indian Institute of Magement - [IIMU], Udaipur"," Udaipur, Rajasthan ","₹ 11,32,000",MBA/PGDM,"₹ 20,30,000Average Package", 8.6 / 10 ,Based on 52 UserReviews,#18th/272 in India  2023
"IIM Raipur Indian Institute of Magement, Raipur"," Raipur, Chhattisgarh ","₹ 8,17,500",MBA/PGDM,"₹ 21,04,000Average Package", 8 / 10 ,Based on 62 UserReviews,#25th/292 in India  2020
"Indian Institute of Magement - [IIMT], Tiruchirappalli"," Tiruchirappalli, Tamil Nadu  ","₹ 19,50,000",MBA/PGDM,"₹ 20,55,000Average Package", 8.4 / 10 ,Based on 62 UserReviews,#19th/272 in India  2023
"Symbiosis Centre for Magement and Human Resource Development - [SC], Pune"," Pune, Maharashtra ","₹ 11,05,000",MBA/PGDM,"₹ 33,99,000Average Package", 7.9 / 10 ,Based on 124 UserReviews,#15th/272 in India  2023
"IIM Ranchi - Indian Institute of Magement, Ranchi"," Ranchi, Jharkhand  ","₹ 17,20,000",MBA/PGDM,"₹ 17,30,000Average Package", 9 / 10 ,Based on 279 UserReviews,#24th/125 in India  2023
"Vinod Gupta School of Magement - [VGSoM], Kharagpur"," Kharagpur, West Bengal  ","₹ 6,44,768",MBA/PGDM,"₹ 22,13,000Average Package", 8.7 / 10 ,Based on 22 UserReviews,#24th/281 in India  2022
"IIT Madras - Indian Institute of Technology - [IITM], chennai"," chennai, Tamil Nadu  ","₹ 6,13,450",MBA/PGDM,"₹ 21,48,000Average Package", 8.6 / 10 ,Based on 278 UserReviews,#10th/125 in India  2022
"IIM Rohtak Indian Institute of Magement, Rohtak"," Rohtak, Harya ","₹ 8,95,000",MBA/PGDM,"₹ 18,73,000Average Package", 8.2 / 10 ,Based on 158 UserReviews,#21th/150 in India  2019
"Indian Institute of Magement - [IIM], Kashipur"," Kashipur, Uttarakhand ","₹ 9,18,000",MBA/PGDM,"₹ 18,11,000Average Package", 8.2 / 10 ,Based on 92 UserReviews,#28th/272 in India  2023
"IMT Ghaziabad - Institute of Magement Technology, Ghaziabad"," Ghaziabad, Uttar Pradesh  ","₹ 19,53,000",MBA/PGDM,"₹ 17,35,000Average Package", 8.6 / 10 ,Based on 247 UserReviews,#13th/272 in India  2023
"IIT Madras - Indian Institute of Technology - [IITM], chennai"," chennai, Tamil Nadu  ","₹ 19,850",ME/M.Tech,"₹ 21,48,000Average Package", 8.6 / 10 ,Based on 278 UserReviews,#3rd/131 in India  2023
"IIT Delhi - Indian Institute of Technology [IITD], New Delhi"," New Delhi, Delhi NCR ","₹ 55,300",ME/M.Tech,"₹ 2,00,00,000Highest Package", 8.7 / 10 ,Based on 455 UserReviews,#1st/35 in India  2023
"IIT Bombay - Indian Institute of Technology - [IITB], Mumbai"," Mumbai, Maharashtra ,  ","₹ 59,300",ME/M.Tech,"₹ 21,82,000Average Package", 8.8 / 10 ,Based on 289 UserReviews,#2nd/35 in India  2023
"IIT Kharagpur - Indian Institute of Technology - [IITKGP], Kharagpur"," Kharagpur, West Bengal ,  ","₹ 27,650",ME/M.Tech,"₹ 2,60,00,000Highest Package", 8.7 / 10 ,Based on 430 UserReviews,#4th/35 in India  2023
"IIT Kanpur - Indian Institute of Technology - [IITK], Kanpur"," Kanpur, Uttar Pradesh  ","₹ 28,700",ME/M.Tech,"₹ 1,90,00,000Highest Package", 8.8 / 10 ,Based on 305 UserReviews,#3rd/35 in India  2023
"IIT Roorkee - Indian Institute of Technology - [IITR], Roorkee"," Roorkee, Uttarakhand ,  ","₹ 40,100",ME/M.Tech,"₹ 1,30,00,000Highest Package", 8.7 / 10 ,Based on 367 UserReviews,#5th/35 in India  2023
"BITS Pilani (Pilani Campus), Pilani"," Pilani, Rajasthan  ","₹ 5,71,575",ME/M.Tech,"₹ 30,37,000Average Package", 8.8 / 10 ,Based on 528 UserReviews,#1st/246 in India  2023
"IIT Guwahati - Indian Institute of Technology - [IITG], Guwahati"," Guwahati, Assam ,  ","₹ 67,350",ME/M.Tech,"₹ 2,40,00,000Highest Package", 8.6 / 10 ,Based on 285 UserReviews,#6th/35 in India  2023
"IIT Hyderabad - Indian Institute of Technology - [IITH], Hyderabad"," Hyderabad, Telanga  ","₹ 53,550",ME/M.Tech,"₹ 20,07,000Average Package", 8.5 / 10 ,Based on 117 UserReviews,#8th/200 in India  2023
"College of Engineering, An University - [CEG], chennai"," chennai, Tamil Nadu  ","₹ 56,260",ME/M.Tech,, 8.4 / 10 ,Based on 99 UserReviews,#12th/131 in India  2023
"NIT Trichy, Tiruchirappalli"," Tiruchirappalli, Tamil Nadu ,   ","₹ 1,25,450",ME/M.Tech,"₹ 40,00,000Highest Package", 8.4 / 10 ,Based on 212 UserReviews,#9th/30 in India  2021
"IIT BHU - Indian Institute of Technology, Varasi"," Varasi, Uttar Pradesh  ","₹ 46,315",ME/M.Tech,"₹ 1,20,00,000Highest Package", 8.5 / 10 ,Based on 405 UserReviews,#9th/131 in India  2023
"Institute of Chemical Technology - [ICT], Mumbai"," Mumbai, Maharashtra    ","₹ 85,250",ME/M.Tech,"₹ 5,00,000Average Package", 8.6 / 10 ,Based on 48 UserReviews,#24th/200 in India  2023
"IIT Indore - Indian Institute of Technology - [IITI], Indore"," Indore, Madhya Pradesh  ","₹ 78,000",ME/M.Tech,"₹ 25,45,000Average Package", 8.5 / 10 ,Based on 103 UserReviews,#14th/200 in India  2023
"Jadavpur University - [JU], Kolkata"," Kolkata, West Bengal      ","₹ 24,000",ME/M.Tech,"₹ 35,00,000Average Package", 8.5 / 10 ,Based on 683 UserReviews,#15th/131 in India  2023
"ISM Dhanbad - Indian Institute of Technology - [IITISM], Dhanbad"," Dhanbad, Jharkhand ,  ","₹ 70,250",ME/M.Tech,"₹ 27,29,000Average Package", 8.5 / 10 ,Based on 445 UserReviews,#14th/131 in India  2023
"tiol Institute of Technology - [NIT], Rourkela"," Rourkela, Orissa ,  ","₹ 1,11,500",ME/M.Tech,"₹ 20,88,000Average Package", 8.3 / 10 ,Based on 381 UserReviews,#21th/30 in India  2021
"IIT Bhubaneswar - Indian Institute of Technology - [IITBBS], Bhubaneswar"," Bhubaneswar, Orissa  ","₹ 43,290",ME/M.Tech,"₹ 17,50,000Average Package", 8.3 / 10 ,Based on 76 UserReviews,#11th/32 in India  2022
"Vellore Institute of Technology - [VIT University], Vellore"," Vellore, Tamil Nadu ,  ","₹ 1,53,000",ME/M.Tech,"₹ 8,19,000Average Package", 8.3 / 10 ,Based on 2112 UserReviews,#4th/218 in India  2021
"Indian Institute of Engineering Science and Technology - [IIEST] Shibpur, Howrah"," Howrah, West Bengal  ","₹ 81,500",ME/M.Tech,"₹ 45,00,000Highest Package", 8.1 / 10 ,Based on 279 UserReviews,#19th/191 in India  2020
"IIT Mandi- Indian Institute of Technology - [IITM], Mandi"," Mandi, Himachal Pradesh  ","₹ 54,750",ME/M.Tech,"₹ 25,23,000Average Package", 8.3 / 10 ,Based on 90 UserReviews,#12th/35 in India  2023
"tiol Institute of Technology - [NITK], Surathkal"," Surathkal, Kartaka  ","₹ 1,11,014",ME/M.Tech,"₹ 13,12,000Average Package", 8.5 / 10 ,Based on 279 UserReviews,#15th/30 in India  2020
"IIT Pat - Indian Institute of Technology - [IITP], Pat"," Pat, Bihar  ","₹ 1,10,250",ME/M.Tech,"₹ 29,30,000Average Package", 8.4 / 10 ,Based on 122 UserReviews,#11th/35 in India  2023
"Thapar Institute of Engineering and Technology - [Thapar University], Patiala"," Patiala, Punjab  ","₹ 2,02,000",ME/M.Tech,"₹ 10,97,000Average Package", 7.7 / 10 ,Based on 586 UserReviews,#6th/238 in India  2022
"IIT Gandhigar - Indian Institute of Technology - [IITG], Gandhigar"," Gandhigar, Gujarat ,  ","₹ 2,00,000",ME/M.Tech,"₹ 15,35,000Average Package", 8.6 / 10 ,Based on 37 UserReviews,#9th/35 in India  2023
"NIT Warangal, Warangal"," Warangal, Telanga ","₹ 1,34,000",ME/M.Tech,"₹ 17,29,000Average Package", 8.4 / 10 ,Based on 401 UserReviews,#40th/254 in India  2020
"Delhi Technological University - [DTU], New Delhi"," New Delhi, Delhi NCR  ","₹ 1,69,200",ME/M.Tech,"₹ 23,70,000Average Package", 8.1 / 10 ,Based on 1070 UserReviews,#8th/35 in India  2023
"Jamia Millia Islamia University-[JMI], New Delhi"," New Delhi, Delhi NCR ,  ","₹ 18,350",ME/M.Tech,"₹ 9,00,000Average Package", 8.2 / 10 ,Based on 364 UserReviews,#26th/191 in India  2020
"tiol Institute of Technology - [NITC], Calicut"," Calicut, Kerala ,  ","₹ 1,09,755",ME/M.Tech,"₹ 23,00,000Average Package", 8.1 / 10 ,Based on 257 UserReviews,#20th/131 in India  2023
"IIT Ropar - Indian Institute of Technology - [IITR], Ropar"," Ropar, Punjab ,  ","₹ 41,970",ME/M.Tech,"₹ 22,49,000Average Package", 8.7 / 10 ,Based on 75 UserReviews,#10th/30 in India  2020
"All India Institute of Medical Sciences - [AIIMS], New Delhi"," New Delhi, Delhi NCR ,  ","₹ 1,628",MBBS,, 8.4 / 10 ,Based on 150 UserReviews,#1st/57 in India  2023
"Christian Medical College - [CMC], Vellore"," Vellore, Tamil Nadu  ","₹ 52,830",MBBS,, 8.8 / 10 ,Based on 22 UserReviews,#3rd/57 in India  2023
"Baras HinNadu University - [BHU], Varasi"," Varasi, Uttar Pradesh   ","₹ 13,410",MBBS,"₹ 23,13,000Average Package", 7.8 / 10 ,Based on 734 UserReviews,#7th/50 in India  2019
"Kasturba Medical College - [KMC], Manipal"," Manipal, Kartaka  ","₹ 17,80,000",MBBS,, 9 / 10 ,Based on 19 UserReviews,#12th/57 in India  2023
"Jawaharlal Institute of Post GraNaduate Medical ENaducation and Research - [JIPMER], Pondicherry"," Pondicherry, PuNaducherry ","₹ 14,920",MBBS,, 8.6 / 10 ,Based on 25 UserReviews,#2nd/57 in India  2023
"King George's Medical University - [KGMU], Lucknow"," Lucknow, Uttar Pradesh ","₹ 54,900",MBBS,, 8 / 10 ,Based on 106 UserReviews,#7th/57 in India  2023
"Sri Ramachandra Institute of Higher ENaducation and Research, chennai"," chennai, Tamil Nadu  ","₹ 25,00,000",MBBS,, 7.9 / 10 ,Based on 67 UserReviews,#26th/53 in India  2022
"St John's Medical College, Bangalore"," Bangalore, Kartaka  ","₹ 7,88,385",MBBS,, 8.6 / 10 ,Based on 13 UserReviews,#21th/57 in India  2023
"Aligarh Muslim University - [AMU], Aligarh"," Aligarh, Uttar Pradesh ","₹ 45,690",MBBS,"₹ 4,50,000Average Package", 8.2 / 10 ,Based on 442 UserReviews,#18th/50 in India  2019
"Maula Azad Medical College - [MAMC], New Delhi"," New Delhi, Delhi NCR  ","₹ 4,445",MBBS,, 8.7 / 10 ,Based on 104 UserReviews,#5th/57 in India  2023
"Jamia Hamdard University, New Delhi"," New Delhi, Delhi NCR ,  ","₹ 9,90,500",MBBS,"₹ 3,50,000Average Package", 8.4 / 10 ,Based on 264 UserReviews,#29th/50 in India  2023
"Kasturba Medical College - [KMC], Mangalore"," Mangalore, Kartaka  ","₹ 17,80,000",MBBS,, 8.6 / 10 ,Based on 26 UserReviews,#34th/57 in India  2023
"JSS Medical College and Hospital - [JSSMCH], Mysore"," Mysore, Kartaka ","₹ 18,50,000",MBBS,, 7.8 / 10 ,Based on 26 UserReviews,#38th/40 in India  2020
"Christian Medical College - [CMC], Ludhia"," Ludhia, Punjab  ","₹ 6,60,000",MBBS,, 8.5 / 10 ,Based on 32 UserReviews,#33th/57 in India  2023
"Vardhman Mahavir Medical College - [VMMC], New Delhi"," New Delhi, Delhi NCR  ","₹ 50,000",MBBS,, 8.7 / 10 ,Based on 33 UserReviews,#8th/57 in India  2023
"Dr DY Patil Vidyapeeth - [DPU], Pune"," Pune, Maharashtra   ","₹ 25,00,000",MBBS,"₹ 3,00,000Average Package", 7.6 / 10 ,Based on 477 UserReviews,#15th/50 in India  2023
"Siksha 'O' Anusandhan University - [SOA], Bhubaneswar"," Bhubaneswar, Orissa ","₹ 19,60,000",MBBS,"₹ 5,00,000Average Package", 8.5 / 10 ,Based on 712 UserReviews,#16th/50 in India  2023
"SRM Institute of Science and Technology - [SRMIST], Chennai"," chennai, Tamil Nadu  ","₹ 25,00,000",MBBS,"₹ 1,00,00,000Highest Package", 8.1 / 10 ,Based on 2175 UserReviews,#20th/50 in India  2023
"University College of Medical Sciences - [UCMS], New Delhi"," New Delhi, Delhi NCR  ","₹ 30,750",MBBS,, 8.7 / 10 ,Based on 30 UserReviews,#10th/57 in India  2023
"Dayand Medical College and Hospital - [DMCH], Ludhia"," Ludhia, Punjab  ","₹ 4,06,000",MBBS,, 8.3 / 10 ,Based on 28 UserReviews,#30th/57 in India  2023
"Saveetha Medical College, chennai"," chennai, Tamil Nadu  ","₹ 24,75,000",MBBS,, 8.8 / 10 ,Based on 24 UserReviews,#46th/55 in India  2021
"Anmalai University - [AU], Chidram"," Chidram, Tamil Nadu    ","₹ 5,54,370",MBBS,, 7.2 / 10 ,Based on 159 UserReviews,#40th/50 in India  2021
"Ramaiah Medical College, Bangalore"," Bangalore, Kartaka  ","₹ 22,00,000",MBBS,, 8.8 / 10 ,Based on 7 UserReviews,#27th/57 in India  2023
"Regiol Institute of Medical Sciences, Imphal"," Imphal, Manipur  ","₹ 20,000",MBBS,, 7 / 10 ,Based on 5 UserReviews,#46th/50 in India  2022
"Sri Venkateswara Institute of Medical Sciences - [SVIMS], Tirupati"," Tirupati, Andhra Pradesh  ","₹ 67,900",MBBS,, 8 / 10 ,Based on 22 UserReviews,#38th/40 in India  2020
"Kalinga Institute of InNadustrial Technology - [KIIT], Bhubaneswar"," Bhubaneswar, Orissa ,    ","₹ 18,50,000",MBBS,"₹ 8,50,000Average Package", 8.5 / 10 ,Based on 1316 UserReviews,#26th/50 in India  2023
"Armed Forces Medical College - [AFMC], Pune"," Pune, Maharashtra  ","₹ 90,710",MBBS,, 9.7 / 10 ,Based on 15 UserReviews,#4th/57 in India  2023
"Grant Medical College and Sir J. J. Group of Hospitals, Mumbai"," Mumbai, Maharashtra  ","₹ 1,39,360",MBBS,, 8.8 / 10 ,Based on 23 UserReviews,#11th/55 in India  2021
"Bangalore Medical College and Research Institute - [BMCRI], Bangalore"," Bangalore, Kartaka  ","₹ 70,200",MBBS,, 8.4 / 10 ,Based on 30 UserReviews,#13th/57 in India  2023
"Seth GS Medical College - [GSMC], Mumbai"," Mumbai, Maharashtra  ","₹ 1,44,450",MBBS,, 7.9 / 10 ,Based on 34 UserReviews,#11th/57 in India  2023
"St Stephen's College, New Delhi"," New Delhi, Delhi NCR  ","₹ 24,670",B.Sc,"₹ 8,80,000Average Package", 8.7 / 10 ,Based on 57 UserReviews,#4th/197 in India  2023
"HinNadu College, New Delhi"," New Delhi, Delhi NCR ","₹ 24,600",B.Sc,"₹ 8,40,000Average Package", 8.4 / 10 ,Based on 231 UserReviews,#1st/197 in India  2023
"Lady Shri Ram College for Women - [LSR], New Delhi"," New Delhi, Delhi NCR  ","₹ 23,970",B.Sc,"₹ 7,50,000Average Package", 8.5 / 10 ,Based on 109 UserReviews,#15th/197 in India  2023
"Miranda House, New Delhi"," New Delhi, Delhi NCR ","₹ 19,800",B.Sc,"₹ 8,97,000Average Package", 8.6 / 10 ,Based on 170 UserReviews,#2nd/197 in India  2023
"Loyola College, chennai"," chennai, Tamil Nadu  ","₹ 48,940",B.Sc,, 8.6 / 10 ,Based on 211 UserReviews,#7th/197 in India  2023
"Madras Christian College - [MCC], chennai"," chennai, Tamil Nadu  ",,B.Sc,"₹ 2,31,200Average Package", 8.6 / 10 ,Based on 276 UserReviews,#5th/197 in India  2023
"Hansraj College - [HRC], New Delhi"," New Delhi, Delhi NCR  ","₹ 24,665",B.Sc,"₹ 7,90,000Average Package", 8.4 / 10 ,Based on 341 UserReviews,#3rd/197 in India  2023
"Presidency College, chennai"," chennai, Tamil Nadu  ","₹ 1,270",B.Sc,, 8 / 10 ,Based on 27 UserReviews,
"Fergusson College, Pune"," Pune, Maharashtra ","₹ 11,135",B.Sc,, 8 / 10 ,Based on 131 UserReviews,#15th/60 in India  2023
"St. Xavier's College - [SXC], Kolkata"," Kolkata, West Bengal  ","₹ 60,500",B.Sc,"₹ 9,50,000Average Package", 8.3 / 10 ,Based on 463 UserReviews,#7th/60 in India  2023
"Ramakrish Mission Vivekanda Centery College Rahara - [RKMVCC], Kolkata"," Kolkata, West Bengal ","₹ 10,420",B.Sc,, 8 / 10 ,Based on 35 UserReviews,#47th/124 in India  2019
"Kirori Mal College - [KMC], New Delhi"," New Delhi, Delhi NCR ","₹ 13,375",B.Sc,"₹ 7,00,000Average Package", 8.3 / 10 ,Based on 404 UserReviews,#6th/197 in India  2023
"St. Xavier's College, Mumbai"," Mumbai, Maharashtra  ","₹ 9,000",B.Sc,"₹ 6,00,000Average Package", 8.1 / 10 ,Based on 238 UserReviews,#23th/197 in India  2023
"Ramjas College, New Delhi"," New Delhi, Delhi NCR ","₹ 15,271",B.Sc,, 7.9 / 10 ,Based on 280 UserReviews,#18th/197 in India  2023
"Ramakrish Mission Vidyamandira, Howrah"," Howrah, West Bengal  ","₹ 14,400",B.Sc,, 8.8 / 10 ,Based on 15 UserReviews,#25th/186 in India  2022
"Sri Venkateswara College - Delhi, New Delhi"," New Delhi, Delhi NCR ","₹ 17,425",B.Sc,"₹ 5,41,264Average Package", 8.4 / 10 ,Based on 223 UserReviews,#10th/197 in India  2023
"Stella Maris College, chennai"," chennai, Tamil Nadu  ","₹ 22,895",B.Sc,, 8.3 / 10 ,Based on 46 UserReviews,#8th/197 in India  2023
"Atma Ram Satan Dharma College - [ARSD], New Delhi"," New Delhi, Delhi NCR  ","₹ 16,110",B.Sc,, 7.9 / 10 ,Based on 285 UserReviews,#16th/197 in India  2023
"Ramakrish Mission Residential College - [RKMRC], Kolkata"," Kolkata, West Bengal ","₹ 47,100",B.Sc,, 8.2 / 10 ,Based on 38 UserReviews,
"Deen Dayal Upadhyaya College, New Delhi"," New Delhi, Delhi NCR  ","₹ 18,745",B.Sc,, 7.9 / 10 ,Based on 176 UserReviews,#11th/197 in India  2023
"PSG College of Arts and Science, Coimbatore"," Coimbatore, Tamil Nadu ","₹ 7,000",B.Sc,, 8.4 / 10 ,Based on 151 UserReviews,#46th/197 in India  2023
"Mount Carmel College - [MCC], Bangalore"," Bangalore, Kartaka  ","₹ 72,000",B.Sc,"₹ 4,85,990Average Package", 8.4 / 10 ,Based on 108 UserReviews,#21th/197 in India  2023
"Dyal Singh College - [DSC], New Delhi"," New Delhi, Delhi NCR ","₹ 16,860",B.Sc,"₹ 4,75,000Average Package", 7.8 / 10 ,Based on 316 UserReviews,
"Lady Irwin College, New Delhi"," New Delhi, Delhi NCR  ","₹ 40,640",B.Sc,, 8.3 / 10 ,Based on 58 UserReviews,#56th/120 in India  2020
"Christ University, Bangalore"," Bangalore, Kartaka  ","₹ 70,000",B.Sc,"₹ 20,00,000Highest Package", 8.3 / 10 ,Based on 510 UserReviews,#14th/197 in India  2023
"Gargi College - [GC], New Delhi"," New Delhi, Delhi NCR  ","₹ 15,725",B.Sc,"₹ 12,00,000Highest Package", 8.2 / 10 ,Based on 200 UserReviews,#13th/197 in India  2023
"PSGR Krishmmal College for Women, Coimbatore"," Coimbatore, Tamil Nadu  ","₹ 1,761",B.Sc,, 8.8 / 10 ,Based on 40 UserReviews,#114th/178 in India  2021
"Trivandrum University College, Thiruvanthapuram"," Thiruvanthapuram, Kerala ","₹ 1,555",B.Sc,, 8.5 / 10 ,Based on 19 UserReviews,
"D.G. Ruparel College of Arts Science and Commerce, Mumbai"," Mumbai, Maharashtra ","₹ 7,005",B.Sc,, 7.9 / 10 ,Based on 53 UserReviews,#15th/50 in India  2020
"St Joseph's University, Bangalore"," Bangalore, Kartaka  ","₹ 70,000",B.Sc,, 8.3 / 10 ,Based on 227 UserReviews,#12th/197 in India  2023
"All India Institute of Medical Sciences - [AIIMS], New Delhi"," New Delhi, Delhi NCR ,  ","₹ 1,685",B.Sc (Nursing),, 8.4 / 10 ,Based on 150 UserReviews,
"Post GraNaduate Institute of Medical ENaducation & Research - [PGIMER], Chandigarh"," Chandigarh, Chandigarh   ","₹ 5,850",B.Sc (Nursing),, 7.9 / 10 ,Based on 26 UserReviews,
"Christian Medical College - [CMC], Vellore"," Vellore, Tamil Nadu  ","₹ 23,855",B.Sc (Nursing),, 8.8 / 10 ,Based on 22 UserReviews,
"Sanjay Gandhi PostgraNaduate Institute of Medical Sciences - [SGPGIMS], Lucknow"," Lucknow, Uttar Pradesh  ","₹ 79,800",B.Sc (Nursing),, 8 / 10 ,Based on 20 UserReviews,
"Lovely Professiol University - [LPU], Jalandhar"," Jalandhar, Punjab     ","₹ 1,60,000",B.Sc (Nursing),"₹ 3,00,00,000Highest Package", 8.2 / 10 ,Based on 2852 UserReviews,
"Chandigarh University - [CU], Chandigarh"," Chandigarh, Chandigarh ","₹ 1,41,000",B.Sc (Nursing),"₹ 1,70,00,000Highest Package", 9 / 10 ,Based on 2765 UserReviews,
"Baras HinNadu University - [BHU], Varasi"," Varasi, Uttar Pradesh   ","₹ 2,381",B.Sc (Nursing),"₹ 23,13,000Average Package", 7.8 / 10 ,Based on 734 UserReviews,#301th/601 in India  2020
"Jawaharlal Institute of Post GraNaduate Medical ENaducation and Research - [JIPMER], Pondicherry"," Pondicherry, PuNaducherry ","₹ 11,410",B.Sc (Nursing),, 8.6 / 10 ,Based on 25 UserReviews,
"King George's Medical University - [KGMU], Lucknow"," Lucknow, Uttar Pradesh ",,B.Sc (Nursing),, 8 / 10 ,Based on 106 UserReviews,
"Guru Gobind Singh Indraprastha University - [GGSIPU], New Delhi"," New Delhi, Delhi NCR ,  ","₹ 1,02,000",B.Sc (Nursing),"₹ 12,00,000Average Package", 7.6 / 10 ,Based on 5999 UserReviews,
"Sri Ramachandra Institute of Higher ENaducation and Research, chennai"," chennai, Tamil Nadu  ","₹ 1,00,000",B.Sc (Nursing),, 7.9 / 10 ,Based on 67 UserReviews,
"Saveetha Institute of Medical And Technical Sciences - [SIMATS], chennai"," chennai, Tamil Nadu  ","₹ 1,25,000",B.Sc (Nursing),, 8.3 / 10 ,Based on 209 UserReviews,
"Aligarh Muslim University - [AMU], Aligarh"," Aligarh, Uttar Pradesh ",,B.Sc (Nursing),"₹ 4,50,000Average Package", 8.2 / 10 ,Based on 442 UserReviews,#601th/601 in India  2020
"Chitkara University - [CU], Patiala"," Patiala, Punjab      ","₹ 1,30,000",B.Sc (Nursing),"₹ 7,50,000Average Package", 7.9 / 10 ,Based on 724 UserReviews,
"St John's Medical College, Bangalore"," Bangalore, Kartaka  ","₹ 89,870",B.Sc (Nursing),, 8.6 / 10 ,Based on 13 UserReviews,
"Manipal Academy of Higher ENaducation - [MAHE], Manipal"," Manipal, Kartaka ,     ","₹ 8,47,000",B.Sc (Nursing),"₹ 43,31,000Highest Package", 8.3 / 10 ,Based on 957 UserReviews,#301th/601 in India  2020
"Amity University, Gurgaon"," Gurgaon, Harya ,  ","₹ 1,46,000",B.Sc (Nursing),, 7.7 / 10 ,Based on 75 UserReviews,
"Jamia Hamdard University, New Delhi"," New Delhi, Delhi NCR ,  ","₹ 1,63,000",B.Sc (Nursing),"₹ 3,50,000Average Package", 8.4 / 10 ,Based on 264 UserReviews,
"Kasturba Medical College - [KMC], Mangalore"," Mangalore, Kartaka  ","₹ 1,75,000",B.Sc (Nursing),, 8.6 / 10 ,Based on 26 UserReviews,
"JSS Medical College and Hospital - [JSSMCH], Mysore"," Mysore, Kartaka ","₹ 94,300",B.Sc (Nursing),, 7.8 / 10 ,Based on 26 UserReviews,
"Christian Medical College - [CMC], Ludhia"," Ludhia, Punjab  ","₹ 1,47,800",B.Sc (Nursing),, 8.5 / 10 ,Based on 32 UserReviews,
"Savitribai Phule Pune University - [SPPU], Pune"," Pune, Maharashtra  ",,B.Sc (Nursing),"₹ 6,50,000Average Package", 7.6 / 10 ,Based on 8706 UserReviews,
"Vardhman Mahavir Medical College - [VMMC], New Delhi"," New Delhi, Delhi NCR  ","₹ 37,625",B.Sc (Nursing),, 8.7 / 10 ,Based on 33 UserReviews,
"Dr DY Patil Vidyapeeth - [DPU], Pune"," Pune, Maharashtra   ","₹ 1,00,000",B.Sc (Nursing),"₹ 3,00,000Average Package", 7.6 / 10 ,Based on 477 UserReviews,
"Siksha 'O' Anusandhan University - [SOA], Bhubaneswar"," Bhubaneswar, Orissa ","₹ 1,00,000",B.Sc (Nursing),"₹ 5,00,000Average Package", 8.5 / 10 ,Based on 712 UserReviews,#601th/601 in India  2020
"SRM Institute of Science and Technology - [SRMIST], chennai"," chennai, Tamil Nadu  ","₹ 75,000",B.Sc (Nursing),"₹ 1,00,00,000Highest Package", 8.1 / 10 ,Based on 2175 UserReviews,#601th/601 in India  2020
"Dayand Medical College and Hospital - [DMCH], Ludhia"," Ludhia, Punjab  ","₹ 78,750",B.Sc (Nursing),, 8.3 / 10 ,Based on 28 UserReviews,
"Saveetha Medical College, chennai"," chennai, Tamil Nadu  ","₹ 1,45,000",B.Sc (Nursing),, 8.8 / 10 ,Based on 24 UserReviews,
"Basthali Vidyapith, Jaipur"," Jaipur, Rajasthan  ","₹ 1,24,000",B.Sc (Nursing),"₹ 3,60,000Average Package", 8.5 / 10 ,Based on 330 UserReviews,
"Anmalai University - [AU], Chidram"," Chidram, Tamil Nadu    ","₹ 56,580",B.Sc (Nursing),, 7.2 / 10 ,Based on 159 UserReviews,#601th/601 in India  2020
"Lady Shri Ram College for Women - [LSR], New Delhi"," New Delhi, Delhi NCR  ","₹ 19,170",BA,"₹ 7,50,000Average Package", 8.5 / 10 ,Based on 109 UserReviews,#4th/173 in India  2023
"Loyola College, chennai"," chennai, Tamil Nadu  ","₹ 11,900",BA,, 8.6 / 10 ,Based on 211 UserReviews,#8th/173 in India  2023
"St. Xavier's College, Mumbai"," Mumbai, Maharashtra  ","₹ 7,000",BA,"₹ 6,00,000Average Package", 8.1 / 10 ,Based on 238 UserReviews,#16th/173 in India  2023
"Christ University, Bangalore"," Bangalore, Kartaka  ","₹ 70,000",BA,"₹ 20,00,000Highest Package", 8.3 / 10 ,Based on 510 UserReviews,#11th/173 in India  2023
"Miranda House, New Delhi"," New Delhi, Delhi NCR ","₹ 14,160",BA,"₹ 8,97,000Average Package", 8.6 / 10 ,Based on 170 UserReviews,#3rd/173 in India  2023
"Presidency College, chennai"," chennai, Tamil Nadu  ","₹ 1,250",BA,, 8 / 10 ,Based on 27 UserReviews,#24th/50 in India  2019
"Madras Christian College - [MCC], chennai"," chennai, Tamil Nadu  ",,BA,"₹ 2,31,200Average Package", 8.6 / 10 ,Based on 276 UserReviews,#7th/173 in India  2023
"HinNadu College, New Delhi"," New Delhi, Delhi NCR ","₹ 22,500",BA,"₹ 8,40,000Average Package", 8.4 / 10 ,Based on 231 UserReviews,#1st/173 in India  2023
"Hansraj College - [HRC], New Delhi"," New Delhi, Delhi NCR  ","₹ 21,865",BA,"₹ 7,90,000Average Package", 8.4 / 10 ,Based on 341 UserReviews,#5th/173 in India  2023
"Fergusson College, Pune"," Pune, Maharashtra ","₹ 9,355",BA,, 8 / 10 ,Based on 131 UserReviews,#19th/59 in India  2023
"K J Somaiya College of Arts & Commerce - [KJSAC], Mumbai"," Mumbai, Maharashtra ","₹ 8,795",BA,, 8.1 / 10 ,Based on 108 UserReviews,#24th/173 in India  2023
"Ramjas College, New Delhi"," New Delhi, Delhi NCR ","₹ 14,156",BA,, 7.9 / 10 ,Based on 280 UserReviews,#10th/173 in India  2023
"Jesus and Mary College - [JMC], New Delhi"," New Delhi, Delhi NCR ","₹ 41,260",BA,"₹ 6,54,000Highest Package", 8 / 10 ,Based on 70 UserReviews,#23th/59 in India  2023
"Presidency University, Kolkata"," Kolkata, West Bengal  ","₹ 2,000",BA,"₹ 5,00,000Average Package", 8.1 / 10 ,Based on 86 UserReviews,
"Jai Hind College - [JHC], Mumbai"," Mumbai, Maharashtra ","₹ 5,730",BA,, 8.5 / 10 ,Based on 188 UserReviews,#26th/59 in India  2023
"Gargi College - [GC], New Delhi"," New Delhi, Delhi NCR  ","₹ 14,975",BA,"₹ 12,00,000Highest Package", 8.2 / 10 ,Based on 200 UserReviews,#13th/173 in India  2023
"Sri Venkateswara College - Delhi, New Delhi"," New Delhi, Delhi NCR ","₹ 14,725",BA,"₹ 5,41,264Average Package", 8.4 / 10 ,Based on 223 UserReviews,#12th/173 in India  2023
"St Xavier's College, Ahmedabad"," Ahmedabad, Gujarat  ","₹ 7,385",BA,, 8.2 / 10 ,Based on 93 UserReviews,#30th/173 in India  2023
"Delhi College of Arts and Commerce - [DCAC], New Delhi"," New Delhi, Delhi NCR  ","₹ 10,905",BA,, 8 / 10 ,Based on 121 UserReviews,#35th/173 in India  2023
"St. Xavier's College - [SXC], Kolkata"," Kolkata, West Bengal  ","₹ 32,600",BA,"₹ 9,50,000Average Package", 8.3 / 10 ,Based on 463 UserReviews,#9th/59 in India  2023
"Ramrain Ruia Autonomous College, Mumbai"," Mumbai, Maharashtra  ","₹ 4,825",BA,, 7.9 / 10 ,Based on 73 UserReviews,#40th/173 in India  2023
"Shri Ram College of Commerce - [SRCC], New Delhi"," New Delhi, Delhi NCR  ","₹ 29,245",BA,"₹ 9,43,000Average Package", 8.8 / 10 ,Based on 193 UserReviews,
"Kishhand Chellaram College - [KC College], Mumbai"," Mumbai, Maharashtra ","₹ 9,820",BA,, 8.2 / 10 ,Based on 96 UserReviews,#25th/173 in India  2023
"St Andrew's College of Arts Science and Commerce, Mumbai"," Mumbai, Maharashtra ","₹ 4,350",BA,, 8.2 / 10 ,Based on 39 UserReviews,
"Modern College of Arts Science and Commerce - [MCASC] Shivajigar, Pune"," Pune, Maharashtra  ",,BA,, 7.3 / 10 ,Based on 232 UserReviews,
"Maharaja Agrasen College - [MAC], New Delhi"," New Delhi, Delhi NCR ","₹ 13,340",BA,, 7.7 / 10 ,Based on 177 UserReviews,#29th/173 in India  2023
"Sophia College for Women, Mumbai"," Mumbai, Maharashtra  ","₹ 40,140",BA,, 8.6 / 10 ,Based on 32 UserReviews,#19th/173 in India  2023
"St. Mira's College for Girls, Pune"," Pune, Maharashtra ","₹ 19,350",BA,, 7.1 / 10 ,Based on 19 UserReviews,#45th/173 in India  2023
"Lady Brabourne College - [LBC], Kolkata"," Kolkata, West Bengal ",,BA,, 7.5 / 10 ,Based on 34 UserReviews,#53th/173 in India  2023
"Basthali Vidyapith, Jaipur"," Jaipur, Rajasthan  ","₹ 53,000",BA,"₹ 3,60,000Average Package", 8.5 / 10 ,Based on 330 UserReviews,
"TAPMI Manipal, Manipal"," Manipal, Kartaka ,  ","₹ 3,85,000",BBA/BBM,"₹ 14,60,000Average Package", 8.4 / 10 ,Based on 126 UserReviews,#21th/272 in India  2023
"rsee Monjee Institute of Magement Studies - [NMIMS University], Bangalore"," Bangalore, Kartaka ,  ","₹ 3,15,000",BBA/BBM,"₹ 11,80,000Average Package", 7.9 / 10 ,Based on 107 UserReviews,#30th/272 in India  2023
"Woxsen School of Business - [WSB], Hyderabad"," Hyderabad, Telanga   ","₹ 6,56,250",BBA/BBM,"₹ 9,09,000Average Package", 8.3 / 10 ,Based on 94 UserReviews,#119th/272 in India  2023
"IBS, Hyderabad"," Hyderabad, Telanga   ","₹ 2,70,000",BBA/BBM,"₹ 10,42,000Average Package", 8.3 / 10 ,Based on 197 UserReviews,#23th/272 in India  2023
"Institute of Magement, Nirma university, Ahmedabad"," Ahmedabad, Gujarat ","₹ 3,13,000",BBA/BBM,"₹ 10,35,000Average Package", 8.5 / 10 ,Based on 37 UserReviews,#36th/272 in India  2023
"Amity University, Noida"," Noida, Uttar Pradesh     ","₹ 3,44,000",BBA/BBM,"₹ 58,00,000Highest Package", 8.1 / 10 ,Based on 2215 UserReviews,#28th/125 in India  2023
"Lovely Professiol University - [LPU], Jalandhar"," Jalandhar, Punjab     ","₹ 2,00,000",BBA/BBM,"₹ 3,00,00,000Highest Package", 8.2 / 10 ,Based on 2852 UserReviews,#83th/284 in India  2019
"Jamia Millia Islamia University-[JMI], New Delhi"," New Delhi, Delhi NCR ,  ","₹ 30,185",BBA/BBM,"₹ 9,00,000Average Package", 8.2 / 10 ,Based on 364 UserReviews,#25th/125 in India  2023
"University of Petroleum and Energy Studies - [UPES], DehraNadun"," DehraNadun, Uttarakhand ,   ","₹ 3,16,800",BBA/BBM,"₹ 8,66,000Average Package", 8.1 / 10 ,Based on 502 UserReviews,#47th/214 in India  2023
"Chandigarh University - [CU], Chandigarh"," Chandigarh, Chandigarh ","₹ 1,41,000",BBA/BBM,"₹ 1,70,00,000Highest Package", 9 / 10 ,Based on 2765 UserReviews,#36th/125 in India  2023
"Jagan Institute of Magement Studies Technical Campus - [JIMS] Rohini, New Delhi"," New Delhi, Delhi NCR ,   ","₹ 1,08,000",BBA/BBM,"₹ 8,10,000Average Package", 8.1 / 10 ,Based on 150 UserReviews,#64th/272 in India  2023
"Kalinga Institute of InNadustrial Technology - [KIIT], Bhubaneswar"," Bhubaneswar, Orissa ,    ","₹ 1,39,000",BBA/BBM,"₹ 8,50,000Average Package", 8.5 / 10 ,Based on 1316 UserReviews,#16th/120 in India  2019
"Gitarattan Intertiol Business School- [GIBS], New Delhi"," New Delhi, Delhi NCR ,  ","₹ 1,31,800",BBA/BBM,"₹ 4,50,000Average Package", 8.2 / 10 ,Based on 118 UserReviews,#182th/200 in India  2023
"Amity University, Mumbai"," Mumbai, Maharashtra ,    ","₹ 4,00,000",BBA/BBM,, 8.5 / 10 ,Based on 53 UserReviews,#102th/125 in India  2022
"SRM Institute of Science and Technology - [SRMIST], chennai"," chennai, Tamil Nadu  ","₹ 1,00,000",BBA/BBM,"₹ 1,00,00,000Highest Package", 8.1 / 10 ,Based on 2175 UserReviews,#105th/281 in India  2022
"University of Engineering and Magement - [UEM], Kolkata"," Kolkata, West Bengal ,   ","₹ 1,25,000",BBA/BBM,"₹ 4,50,000Average Package", 7.9 / 10 ,Based on 621 UserReviews,#94th/200 in India  2023
"Intertiol School of Magement - [ISM], Pat"," Pat, Bihar  ","₹ 79,000",BBA/BBM,"₹ 6,00,000Average Package", 7.7 / 10 ,Based on 18 UserReviews,#105th/120 in India  2022
"Guru Gobind Singh Indraprastha University - [GGSIPU], New Delhi"," New Delhi, Delhi NCR ,  ","₹ 1,02,000",BBA/BBM,"₹ 12,00,000Average Package", 7.6 / 10 ,Based on 5999 UserReviews,#66th/125 in India  2023
"Thapar Institute of Engineering and Technology - [Thapar University], Patiala"," Patiala, Punjab  ","₹ 4,20,000",BBA/BBM,"₹ 10,97,000Average Package", 7.7 / 10 ,Based on 586 UserReviews,#49th/125 in India  2023
"AIMS Institutes, Bangalore"," Bangalore, Kartaka  ","₹ 3,10,000",BBA/BBM,"₹ 8,00,000Average Package", 7.3 / 10 ,Based on 65 UserReviews,#94th/272 in India  2023
"GLA University, Mathura"," Mathura, Uttar Pradesh     ","₹ 1,30,000",BBA/BBM,"₹ 6,30,000Average Package", 8.4 / 10 ,Based on 729 UserReviews,#101th/125 in India  2023
"Poniyah Ramajayam Institute of Science and Technology University - [PRIST University], Thanjavur"," Thanjavur, Tamil Nadu ","₹ 12,000",BBA/BBM,"₹ 6,50,000Highest Package", 7.3 / 10 ,Based on 29 UserReviews,#32th/150 in India  2022
"BML Munjal University - [BMU], Gurgaon"," Gurgaon, Harya ,  ","₹ 3,35,600",BBA/BBM,"₹ 8,51,000Average Package", 8.1 / 10 ,Based on 80 UserReviews,#72th/125 in India  2023
"Vellore Institute of Technology - [VIT University], Vellore"," Vellore, Tamil Nadu ,  ","₹ 57,000",BBA/BBM,"₹ 8,19,000Average Package", 8.3 / 10 ,Based on 2112 UserReviews,#55th/100 in India  2020
"Quantum University, Roorkee"," Roorkee, Uttarakhand   ","₹ 67,000",BBA/BBM,"₹ 18,00,000Highest Package", 7.3 / 10 ,Based on 158 UserReviews,#57th/120 in India  2022
"Acharya garju University - [ANU], Guntur"," Guntur, Andhra Pradesh  ","₹ 9,340",BBA/BBM,, 7.6 / 10 ,Based on 695 UserReviews,#40th/150 in India  2022
"Prestige Institute of Magement and Research - [PIMR], Indore"," Indore, Madhya Pradesh ,  ","₹ 1,65,000",BBA/BBM,"₹ 4,41,000Average Package", 7.6 / 10 ,Based on 306 UserReviews,#71th/272 in India  2023
"Intertiol School of Magement Excellence -
 [ISME], Bangalore"," Bangalore, Kartaka ,   ","₹ 6,30,000",BBA/BBM,"₹ 7,48,000Average Package", 8 / 10 ,Based on 91 UserReviews,#84th/272 in India  2023
"GITAM, Visakhapatm"," Visakhapatm, Andhra Pradesh ,  ","₹ 2,56,000",BBA/BBM,"₹ 19,00,000Highest Package", 8 / 10 ,Based on 651 UserReviews,#101th/125 in India  2023
"Universal Business School - [UBS], Karjat"," Karjat, Maharashtra ,   ","₹ 5,58,000",BBA/BBM,"₹ 12,61,000Average Package", 8.6 / 10 ,Based on 192 UserReviews,#82th/272 in India  2023
"Christ University, Bangalore"," Bangalore, Kartaka  ","₹ 1,40,000",BCA,"₹ 20,00,000Highest Package", 8.3 / 10 ,Based on 510 UserReviews,#1st/170 in India  2023
"Presidency College, Bangalore"," Bangalore, Kartaka  ","₹ 3,30,000",BCA,"₹ 3,65,000Average Package", 7.9 / 10 ,Based on 68 UserReviews,
"SRM Institute of Science and Technology - [SRMIST], chennai"," chennai, Tamil Nadu  ","₹ 85,000",BCA,"₹ 1,00,00,000Highest Package", 8.1 / 10 ,Based on 2175 UserReviews,
"Symbiosis Institute of Computer Studies and Research - [SICSR], Pune"," Pune, Maharashtra ","₹ 1,95,000",BCA,"₹ 18,00,000Highest Package", 6.9 / 10 ,Based on 44 UserReviews,
"Loyola College, chennai"," chennai, Tamil Nadu  ","₹ 48,940",BCA,, 8.6 / 10 ,Based on 211 UserReviews,
"GLS Institute of Computer Application, Ahmedabad"," Ahmedabad, Gujarat  ",,BCA,, 8.1 / 10 ,Based on 15 UserReviews,
"Vellore Institute of Technology - [VIT University], Vellore"," Vellore, Tamil Nadu ,  ","₹ 57,000",BCA,"₹ 8,19,000Average Package", 8.3 / 10 ,Based on 2112 UserReviews,
"Institute of Business Studies and Research - [IBSAR], vi Mumbai"," vi Mumbai, Maharashtra  ","₹ 1,30,000",BCA,, 6.1 / 10 ,Based on 17 UserReviews,
"Xavier's Institute of Computer Application, Ahmedabad"," Ahmedabad, Gujarat  ","₹ 10,600",BCA,, 8.6 / 10 ,Based on 3 UserReviews,
"DAV College - [DAVC], Chandigarh"," Chandigarh, Chandigarh  ","₹ 46,770",BCA,, 8 / 10 ,Based on 137 UserReviews,
"tiol Institute of Magement - [NIM], Mumbai"," Mumbai, Maharashtra ","₹ 58,700",BCA,, 10 / 10 ,Based on 2 UserReviews,
"Madhav University - [MU], Sirohi"," Sirohi, Rajasthan     ","₹ 20,000",BCA,, 7.8 / 10 ,Based on 22 UserReviews,
"OPJS University, Churu"," Churu, Rajasthan     ","₹ 41,200",BCA,, 7.6 / 10 ,Based on 17 UserReviews,
"Institute of Magement Studies - [IMS], Noida"," Noida, Uttar Pradesh  ","₹ 1,64,670",BCA,"₹ 12,00,000Highest Package", 7.8 / 10 ,Based on 111 UserReviews,
"Chandigarh University - [CU], Chandigarh"," Chandigarh, Chandigarh ","₹ 1,37,000",BCA,"₹ 1,70,00,000Highest Package", 9 / 10 ,Based on 2765 UserReviews,
"Lingaya's Vidyapeeth, Faridabad"," Faridabad, Harya ","₹ 92,000",BCA,"₹ 10,20,000Highest Package", 7.3 / 10 ,Based on 195 UserReviews,
"Vivekanda Institute of Professiol Studies - [VIPS], New Delhi"," New Delhi, Delhi NCR ,  ","₹ 86,400",BCA,, 8.3 / 10 ,Based on 280 UserReviews,
"Harya College of Technology and Magement, Kaithal"," Kaithal, Harya , ","₹ 99,000",BCA,, 6.8 / 10 ,Based on 19 UserReviews,
"PCTE Group of Institutes, Ludhia"," Ludhia, Punjab  ","₹ 54,650",BCA,"₹ 6,00,000Average Package", 7.9 / 10 ,Based on 89 UserReviews,
"Mav Rach Intertiol Institute of Research and Studies - [MRIIRS], Faridabad"," Faridabad, Harya  ","₹ 1,36,000",BCA,"₹ 32,00,000Highest Package", 7.8 / 10 ,Based on 355 UserReviews,
"Graphic Era University - [GEU], DehraNadun"," DehraNadun, Uttarakhand ,    ","₹ 1,42,200",BCA,"₹ 5,08,000Average Package", 8.3 / 10 ,Based on 791 UserReviews,
"M.O.P. Vaishv College for Women, chennai"," chennai, Tamil Nadu ",,BCA,"₹ 3,03,086Average Package", 8.5 / 10 ,Based on 34 UserReviews,#45th/110 in India  2020
"Sharda University - [SU], Greater Noida"," Greater Noida, Uttar Pradesh     ","₹ 1,54,500",BCA,"₹ 30,00,000Highest Package", 8.1 / 10 ,Based on 554 UserReviews,
"Gian Jyoti Institute of Magement and Technology - [GJIMT], Chandigarh"," Chandigarh, Chandigarh  ","₹ 48,640",BCA,"₹ 12,00,000Highest Package", 8.2 / 10 ,Based on 21 UserReviews,
"ITM University, Gwalior"," Gwalior, Madhya Pradesh      ","₹ 1,35,000",BCA,"₹ 5,50,000Average Package", 8 / 10 ,Based on 215 UserReviews,
"Bharati Vidyapeeth Institute of Magement and Research - [BVIMR], New Delhi"," New Delhi, Delhi NCR , ","₹ 1,40,000",BCA,"₹ 20,00,000Highest Package", 8.3 / 10 ,Based on 96 UserReviews,
"Prestige Institute of Magement & Research - [PIMRG], Gwalior"," Gwalior, Madhya Pradesh , ","₹ 82,450",BCA,"₹ 4,67,000Average Package", 8.3 / 10 ,Based on 93 UserReviews,
"Rabindrath Tagore University - [RNTU], Bhopal"," Bhopal, Madhya Pradesh     ","₹ 20,000",BCA,, 7.8 / 10 ,Based on 41 UserReviews,
"Lovely Professiol University - [LPU], Jalandhar"," Jalandhar, Punjab     ","₹ 1,60,000",BCA,"₹ 3,00,00,000Highest Package", 8.2 / 10 ,Based on 2852 UserReviews,
"Intertiol Academy for Magement Studies - [IAMS], Thiruvanthapuram"," Thiruvanthapuram, Kerala  ","₹ 37,500",BCA,, 8.6 / 10 ,Based on 3 UserReviews,
